{
    "version": "0.4",
    "title": "Blog",
    "type": "archive",
    "metadata": {
        "template_type": "archive-blog",
        "include_in_zip": "1",
        "elementor_pro_required": "1",
        "elementor_library_type": "archive",
        "elementor_pro_conditions": [
            "include\/archive"
        ],
        "additional_template_information": [
            "This is a \"Archive\" template for Elementor Pro.",
            "This template will display on: All Archives."
        ],
        "wp_page_template": "default"
    },
    "content": [
        {
            "id": "6c36797b",
            "settings": {
                "background_background": "classic",
                "background_image": {
                    "url": "https:\/\/webkit.moxcreative.com\/aivonic\/wp-content\/uploads\/sites\/22\/2023\/06\/robotic-arm-holding-wrench-repairs-metal-machinery-generated-by-ai-1.jpg",
                    "id": 143,
                    "size": "",
                    "alt": "",
                    "source": "library"
                },
                "background_position": "center center",
                "background_repeat": "no-repeat",
                "background_size": "cover",
                "background_overlay_background": "gradient",
                "background_overlay_color_b": "#0017267A",
                "background_overlay_color_b_stop": {
                    "unit": "%",
                    "size": 60,
                    "sizes": []
                },
                "background_overlay_opacity": {
                    "unit": "px",
                    "size": 0.90000000000000002220446049250313080847263336181640625,
                    "sizes": []
                },
                "padding": {
                    "unit": "em",
                    "top": "13",
                    "right": "1",
                    "bottom": "6",
                    "left": "1",
                    "isLinked": false
                },
                "padding_tablet": {
                    "unit": "em",
                    "top": "11",
                    "right": "1",
                    "bottom": "4",
                    "left": "1",
                    "isLinked": false
                },
                "padding_mobile": {
                    "unit": "em",
                    "top": "11",
                    "right": "1",
                    "bottom": "3",
                    "left": "1",
                    "isLinked": false
                },
                "__globals__": {
                    "background_overlay_color": "globals\/colors?id=secondary"
                },
                "overflow": "hidden",
                "background_xpos": {
                    "unit": "%",
                    "size": 50,
                    "sizes": []
                },
                "background_xpos_tablet": {
                    "unit": "%",
                    "size": 0,
                    "sizes": []
                },
                "background_xpos_mobile": {
                    "unit": "%",
                    "size": 0,
                    "sizes": []
                },
                "background_ypos": {
                    "unit": "%",
                    "size": 33,
                    "sizes": []
                },
                "background_ypos_tablet": {
                    "unit": "%",
                    "size": 0,
                    "sizes": []
                },
                "background_ypos_mobile": {
                    "unit": "%",
                    "size": 0,
                    "sizes": []
                }
            },
            "elements": [
                {
                    "id": "5875bc97",
                    "settings": {
                        "_column_size": 100,
                        "_inline_size": null,
                        "space_between_widgets_mobile": 15
                    },
                    "elements": [
                        {
                            "id": "2cf7804c",
                            "settings": {
                                "view": "inline",
                                "icon_list": [
                                    {
                                        "text": "Home",
                                        "selected_icon": {
                                            "value": "",
                                            "library": ""
                                        },
                                        "_id": "7b1af00",
                                        "link": {
                                            "url": "#",
                                            "is_external": "",
                                            "nofollow": "",
                                            "custom_attributes": ""
                                        }
                                    },
                                    {
                                        "text": "Blog",
                                        "selected_icon": {
                                            "value": " arrow_triangle-right_alt2",
                                            "library": "skb_cife-elegant-icon"
                                        },
                                        "link": {
                                            "url": "#",
                                            "is_external": "",
                                            "nofollow": "",
                                            "custom_attributes": ""
                                        },
                                        "_id": "0e8f138"
                                    }
                                ],
                                "space_between": {
                                    "unit": "px",
                                    "size": 4,
                                    "sizes": []
                                },
                                "icon_align": "center",
                                "icon_size": {
                                    "unit": "px",
                                    "size": 18,
                                    "sizes": []
                                },
                                "icon_size_tablet": {
                                    "unit": "px",
                                    "size": 17,
                                    "sizes": []
                                },
                                "icon_size_mobile": {
                                    "unit": "px",
                                    "size": 15,
                                    "sizes": []
                                },
                                "icon_vertical_offset": {
                                    "unit": "px",
                                    "size": -2,
                                    "sizes": []
                                },
                                "icon_vertical_offset_tablet": {
                                    "unit": "px",
                                    "size": -1,
                                    "sizes": []
                                },
                                "icon_vertical_offset_mobile": {
                                    "unit": "px",
                                    "size": -1,
                                    "sizes": []
                                },
                                "__globals__": {
                                    "text_color": "globals\/colors?id=651faef",
                                    "icon_typography_typography": "globals\/typography?id=84ca66e",
                                    "icon_color": "globals\/colors?id=651faef"
                                },
                                "_animation": "fadeInRight"
                            },
                            "elements": [],
                            "isInner": false,
                            "widgetType": "icon-list",
                            "elType": "widget"
                        },
                        {
                            "id": "2129bcf",
                            "settings": {
                                "title": "News & Article",
                                "align": "center",
                                "__globals__": {
                                    "title_color": "globals\/colors?id=651faef",
                                    "typography_typography": "globals\/typography?id=583e54c"
                                },
                                "_animation": "fadeInLeft"
                            },
                            "elements": [],
                            "isInner": false,
                            "widgetType": "heading",
                            "elType": "widget"
                        },
                        {
                            "id": "3737f68",
                            "settings": {
                                "width": {
                                    "unit": "px",
                                    "size": 150,
                                    "sizes": []
                                },
                                "width_tablet": {
                                    "unit": "px",
                                    "size": 140,
                                    "sizes": []
                                },
                                "width_mobile": {
                                    "unit": "px",
                                    "size": 130,
                                    "sizes": []
                                },
                                "align": "center",
                                "look": "line_icon",
                                "text": "Divider",
                                "icon": {
                                    "value": "mdi mdi-gamepad-circle",
                                    "library": "skb_cife-materialdesign-icon"
                                },
                                "weight": {
                                    "unit": "px",
                                    "size": 3,
                                    "sizes": []
                                },
                                "gap": {
                                    "unit": "px",
                                    "size": 0,
                                    "sizes": []
                                },
                                "icon_size": {
                                    "unit": "px",
                                    "size": 20,
                                    "sizes": []
                                },
                                "icon_size_tablet": {
                                    "unit": "px",
                                    "size": 18,
                                    "sizes": []
                                },
                                "icon_size_mobile": {
                                    "unit": "px",
                                    "size": 17,
                                    "sizes": []
                                },
                                "_animation": "fadeInUp",
                                "_animation_delay": 1080,
                                "__globals__": {
                                    "primary_color": "globals\/colors?id=accent",
                                    "color": "globals\/colors?id=accent"
                                }
                            },
                            "elements": [],
                            "isInner": false,
                            "widgetType": "divider",
                            "elType": "widget"
                        }
                    ],
                    "isInner": false,
                    "elType": "column"
                }
            ],
            "isInner": false,
            "elType": "section"
        },
        {
            "id": "41f883ab",
            "settings": {
                "padding": {
                    "unit": "em",
                    "top": "6",
                    "right": "1",
                    "bottom": "10",
                    "left": "1",
                    "isLinked": false
                },
                "padding_tablet": {
                    "unit": "em",
                    "top": "3",
                    "right": "1",
                    "bottom": "7",
                    "left": "1",
                    "isLinked": false
                },
                "padding_mobile": {
                    "unit": "em",
                    "top": "2",
                    "right": "0.5",
                    "bottom": "6",
                    "left": "0.5",
                    "isLinked": false
                },
                "background_background": "classic",
                "__globals__": {
                    "background_color": "globals\/colors?id=a954db2"
                }
            },
            "elements": [
                {
                    "id": "3efbbab8",
                    "settings": {
                        "_column_size": 100,
                        "_inline_size": null
                    },
                    "elements": [
                        {
                            "id": "24a89eeb",
                            "settings": {
                                "_skin": "archive_cards",
                                "archive_classic_thumbnail_size_size": "full",
                                "archive_classic_meta_separator": "\/\/\/",
                                "archive_classic_read_more_text": "Read More \u00bb",
                                "archive_cards_thumbnail_size_size": "full",
                                "archive_cards_excerpt_length": 18,
                                "archive_cards_meta_separator": "\u2022",
                                "archive_cards_show_read_more": "",
                                "archive_cards_read_more_text": "Read More \u00bb",
                                "archive_cards_show_avatar": "",
                                "archive_full_content_meta_separator": "\/\/\/",
                                "archive_classic_img_border_radius": {
                                    "unit": "px",
                                    "top": "5",
                                    "right": "5",
                                    "bottom": "5",
                                    "left": "5",
                                    "isLinked": true
                                },
                                "archive_cards_card_padding": {
                                    "unit": "px",
                                    "size": 20,
                                    "sizes": []
                                },
                                "pagination_page_limit": "5",
                                "pagination_prev_label": "&laquo; Previous",
                                "pagination_next_label": "Next &raquo;",
                                "text": "Load More",
                                "load_more_no_posts_custom_message": "No more posts to show",
                                "nothing_found_message": "It seems we can&#039;t find what you&#039;re looking for.",
                                "__globals__": {
                                    "archive_cards_title_typography_typography": "globals\/typography?id=7044a64",
                                    "archive_cards_badge_bg_color": "globals\/colors?id=accent",
                                    "archive_cards_badge_color": "globals\/colors?id=secondary",
                                    "archive_cards_badge_typography_typography": "globals\/typography?id=520c191",
                                    "archive_cards_title_color": "globals\/colors?id=secondary",
                                    "archive_cards_meta_typography_typography": "globals\/typography?id=69c152f",
                                    "archive_cards_meta_color": "globals\/colors?id=primary",
                                    "archive_cards_excerpt_typography_typography": "globals\/typography?id=b2ce6af",
                                    "archive_cards_excerpt_color": "globals\/colors?id=text",
                                    "archive_cards_meta_border_color": "globals\/colors?id=9eaa092",
                                    "archive_cards_card_border_color": "globals\/colors?id=9eaa092"
                                },
                                "archive_cards_item_ratio_mobile": {
                                    "unit": "px",
                                    "size": 0.59999999999999997779553950749686919152736663818359375,
                                    "sizes": []
                                },
                                "archive_cards_column_gap": {
                                    "unit": "px",
                                    "size": 25,
                                    "sizes": []
                                },
                                "archive_cards_row_gap": {
                                    "unit": "px",
                                    "size": 25,
                                    "sizes": []
                                },
                                "archive_cards_row_gap_mobile": {
                                    "unit": "px",
                                    "size": 15,
                                    "sizes": []
                                },
                                "archive_cards_card_border_width": {
                                    "unit": "px",
                                    "size": 1,
                                    "sizes": []
                                },
                                "archive_cards_card_border_radius": {
                                    "unit": "px",
                                    "size": 10,
                                    "sizes": []
                                },
                                "archive_cards_image_spacing": {
                                    "unit": "px",
                                    "size": 10,
                                    "sizes": []
                                },
                                "archive_cards_image_spacing_mobile": {
                                    "unit": "px",
                                    "size": 10,
                                    "sizes": []
                                },
                                "archive_cards_badge_radius": {
                                    "unit": "px",
                                    "size": 5,
                                    "sizes": []
                                },
                                "archive_cards_badge_size": {
                                    "unit": "px",
                                    "size": 14,
                                    "sizes": []
                                },
                                "archive_cards_badge_margin": {
                                    "unit": "px",
                                    "size": 10,
                                    "sizes": []
                                },
                                "archive_cards_title_spacing": {
                                    "unit": "px",
                                    "size": 20,
                                    "sizes": []
                                },
                                "archive_cards_title_spacing_mobile": {
                                    "unit": "px",
                                    "size": 15,
                                    "sizes": []
                                },
                                "archive_cards_excerpt_spacing": {
                                    "unit": "px",
                                    "size": 35,
                                    "sizes": []
                                },
                                "archive_cards_excerpt_spacing_mobile": {
                                    "unit": "px",
                                    "size": 25,
                                    "sizes": []
                                }
                            },
                            "elements": [],
                            "isInner": false,
                            "widgetType": "archive-posts",
                            "elType": "widget"
                        }
                    ],
                    "isInner": false,
                    "elType": "column"
                }
            ],
            "isInner": false,
            "elType": "section"
        }
    ]
}