{
    "version": "0.4",
    "title": "Contact",
    "type": "page",
    "metadata": {
        "template_type": "single-page",
        "include_in_zip": "1",
        "elementor_pro_required": "1",
        "wp_page_template": "elementor_header_footer"
    },
    "content": [
        {
            "id": "1f86546e",
            "settings": {
                "background_background": "classic",
                "background_image": {
                    "url": "https:\/\/webkit.moxcreative.com\/aivonic\/wp-content\/uploads\/sites\/22\/2023\/06\/computer-tech-night-and-woman-with-tablet-working-on-database-programming-code-ai-development-des.jpg",
                    "id": 220,
                    "size": "",
                    "alt": "Computer tech, night and woman with tablet working on database programming code, ai development des",
                    "source": "library"
                },
                "background_position": "initial",
                "background_repeat": "no-repeat",
                "background_size": "cover",
                "background_overlay_background": "gradient",
                "background_overlay_color_b": "#0017267A",
                "background_overlay_color_b_stop": {
                    "unit": "%",
                    "size": 60,
                    "sizes": []
                },
                "background_overlay_opacity": {
                    "unit": "px",
                    "size": 0.90000000000000002220446049250313080847263336181640625,
                    "sizes": []
                },
                "padding": {
                    "unit": "em",
                    "top": "13",
                    "right": "1",
                    "bottom": "6",
                    "left": "1",
                    "isLinked": false
                },
                "padding_tablet": {
                    "unit": "em",
                    "top": "11",
                    "right": "1",
                    "bottom": "4",
                    "left": "1",
                    "isLinked": false
                },
                "padding_mobile": {
                    "unit": "em",
                    "top": "11",
                    "right": "1",
                    "bottom": "3",
                    "left": "1",
                    "isLinked": false
                },
                "__globals__": {
                    "background_overlay_color": "globals\/colors?id=secondary"
                },
                "overflow": "hidden",
                "background_xpos": {
                    "unit": "%",
                    "size": 50,
                    "sizes": []
                },
                "background_xpos_tablet": {
                    "unit": "%",
                    "size": 50,
                    "sizes": []
                },
                "background_xpos_mobile": {
                    "unit": "%",
                    "size": 0,
                    "sizes": []
                },
                "background_ypos": {
                    "unit": "%",
                    "size": 25,
                    "sizes": []
                },
                "background_ypos_tablet": {
                    "unit": "%",
                    "size": 5,
                    "sizes": []
                },
                "background_ypos_mobile": {
                    "unit": "%",
                    "size": 0,
                    "sizes": []
                },
                "background_position_mobile": "center center"
            },
            "elements": [
                {
                    "id": "4844a41a",
                    "settings": {
                        "_column_size": 100,
                        "_inline_size": null,
                        "space_between_widgets_mobile": 15
                    },
                    "elements": [
                        {
                            "id": "58be62fb",
                            "settings": {
                                "view": "inline",
                                "icon_list": [
                                    {
                                        "text": "Home",
                                        "selected_icon": {
                                            "value": "",
                                            "library": ""
                                        },
                                        "_id": "7b1af00",
                                        "link": {
                                            "url": "#",
                                            "is_external": "",
                                            "nofollow": "",
                                            "custom_attributes": ""
                                        }
                                    },
                                    {
                                        "text": "",
                                        "selected_icon": {
                                            "value": " arrow_triangle-right_alt2",
                                            "library": "skb_cife-elegant-icon"
                                        },
                                        "link": {
                                            "url": "#",
                                            "is_external": "",
                                            "nofollow": "",
                                            "custom_attributes": ""
                                        },
                                        "_id": "0e8f138",
                                        "__dynamic__": {
                                            "text": "[elementor-tag id=\"b821b63\" name=\"page-title\" settings=\"%7B%7D\"]"
                                        }
                                    }
                                ],
                                "space_between": {
                                    "unit": "px",
                                    "size": 4,
                                    "sizes": []
                                },
                                "icon_align": "center",
                                "icon_size": {
                                    "unit": "px",
                                    "size": 18,
                                    "sizes": []
                                },
                                "icon_size_tablet": {
                                    "unit": "px",
                                    "size": 17,
                                    "sizes": []
                                },
                                "icon_size_mobile": {
                                    "unit": "px",
                                    "size": 15,
                                    "sizes": []
                                },
                                "icon_vertical_offset": {
                                    "unit": "px",
                                    "size": -2,
                                    "sizes": []
                                },
                                "icon_vertical_offset_tablet": {
                                    "unit": "px",
                                    "size": -1,
                                    "sizes": []
                                },
                                "icon_vertical_offset_mobile": {
                                    "unit": "px",
                                    "size": -1,
                                    "sizes": []
                                },
                                "__globals__": {
                                    "text_color": "globals\/colors?id=651faef",
                                    "icon_typography_typography": "globals\/typography?id=84ca66e",
                                    "icon_color": "globals\/colors?id=651faef"
                                },
                                "_animation": "fadeInRight"
                            },
                            "elements": [],
                            "isInner": false,
                            "widgetType": "icon-list",
                            "elType": "widget"
                        },
                        {
                            "id": "3eda6ef8",
                            "settings": {
                                "title": "Get In Touch With Us",
                                "align": "center",
                                "__globals__": {
                                    "title_color": "globals\/colors?id=651faef",
                                    "typography_typography": "globals\/typography?id=583e54c"
                                },
                                "_animation": "fadeInLeft"
                            },
                            "elements": [],
                            "isInner": false,
                            "widgetType": "heading",
                            "elType": "widget"
                        },
                        {
                            "id": "7883cdbb",
                            "settings": {
                                "width": {
                                    "unit": "px",
                                    "size": 150,
                                    "sizes": []
                                },
                                "width_tablet": {
                                    "unit": "px",
                                    "size": 140,
                                    "sizes": []
                                },
                                "width_mobile": {
                                    "unit": "px",
                                    "size": 130,
                                    "sizes": []
                                },
                                "align": "center",
                                "look": "line_icon",
                                "text": "Divider",
                                "icon": {
                                    "value": "mdi mdi-gamepad-circle",
                                    "library": "skb_cife-materialdesign-icon"
                                },
                                "weight": {
                                    "unit": "px",
                                    "size": 3,
                                    "sizes": []
                                },
                                "gap": {
                                    "unit": "px",
                                    "size": 0,
                                    "sizes": []
                                },
                                "icon_size": {
                                    "unit": "px",
                                    "size": 20,
                                    "sizes": []
                                },
                                "icon_size_tablet": {
                                    "unit": "px",
                                    "size": 18,
                                    "sizes": []
                                },
                                "icon_size_mobile": {
                                    "unit": "px",
                                    "size": 17,
                                    "sizes": []
                                },
                                "_animation": "fadeInUp",
                                "_animation_delay": 1080,
                                "__globals__": {
                                    "primary_color": "globals\/colors?id=accent",
                                    "color": "globals\/colors?id=accent"
                                }
                            },
                            "elements": [],
                            "isInner": false,
                            "widgetType": "divider",
                            "elType": "widget"
                        }
                    ],
                    "isInner": false,
                    "elType": "column"
                }
            ],
            "isInner": false,
            "elType": "section"
        },
        {
            "id": "23aade2f",
            "settings": {
                "content_width": {
                    "unit": "px",
                    "size": 1260,
                    "sizes": []
                },
                "padding": {
                    "unit": "em",
                    "top": "7",
                    "right": "1",
                    "bottom": "7",
                    "left": "1",
                    "isLinked": false
                },
                "padding_tablet": {
                    "unit": "em",
                    "top": "4",
                    "right": "2",
                    "bottom": "4",
                    "left": "2",
                    "isLinked": false
                },
                "padding_mobile": {
                    "unit": "em",
                    "top": "2.5",
                    "right": "1",
                    "bottom": "2",
                    "left": "1",
                    "isLinked": false
                },
                "structure": "20",
                "background_background": "classic",
                "__globals__": {
                    "background_color": "globals\/colors?id=a954db2"
                }
            },
            "elements": [
                {
                    "id": "23c662a3",
                    "settings": {
                        "_column_size": 50,
                        "_inline_size": null,
                        "background_background": "classic",
                        "background_image": {
                            "id": 81,
                            "url": "https:\/\/webkit.moxcreative.com\/aivonic\/wp-content\/uploads\/sites\/22\/2023\/06\/metal-workers-use-machinery-craft-steel-generated-by-ai.jpg",
                            "alt": "",
                            "source": "library",
                            "size": ""
                        },
                        "background_position": "center center",
                        "background_repeat": "no-repeat",
                        "background_size": "cover",
                        "background_overlay_background": "gradient",
                        "background_overlay_image": {
                            "url": "",
                            "id": "",
                            "alt": "Drone Construction",
                            "source": "library"
                        },
                        "background_overlay_position": "center center",
                        "background_overlay_repeat": "no-repeat",
                        "background_overlay_size": "cover",
                        "background_overlay_opacity": {
                            "unit": "px",
                            "size": 0.8000000000000000444089209850062616169452667236328125,
                            "sizes": []
                        },
                        "css_filters_saturate": {
                            "unit": "px",
                            "size": 0,
                            "sizes": []
                        },
                        "box_shadow_box_shadow": {
                            "horizontal": 0,
                            "vertical": 2,
                            "blur": 5,
                            "spread": 0,
                            "color": "rgba(0, 0, 0, 0.15)"
                        },
                        "padding": {
                            "unit": "em",
                            "top": "3",
                            "right": "3",
                            "bottom": "3",
                            "left": "3",
                            "isLinked": true
                        },
                        "padding_tablet": {
                            "unit": "em",
                            "top": "3",
                            "right": "3",
                            "bottom": "3",
                            "left": "3",
                            "isLinked": true
                        },
                        "padding_mobile": {
                            "unit": "px",
                            "top": "25",
                            "right": "25",
                            "bottom": "25",
                            "left": "25",
                            "isLinked": true
                        },
                        "__globals__": {
                            "background_overlay_color": "globals\/colors?id=secondary",
                            "background_overlay_color_b": ""
                        },
                        "animation": "slideInRight",
                        "_inline_size_tablet": 100,
                        "content_position": "center",
                        "background_overlay_gradient_angle": {
                            "unit": "deg",
                            "size": 150,
                            "sizes": []
                        },
                        "border_radius": {
                            "unit": "px",
                            "top": "10",
                            "right": "0",
                            "bottom": "0",
                            "left": "10",
                            "isLinked": false
                        },
                        "border_radius_tablet": {
                            "unit": "px",
                            "top": "5",
                            "right": "5",
                            "bottom": "0",
                            "left": "0",
                            "isLinked": false
                        },
                        "margin": {
                            "unit": "em",
                            "top": "3",
                            "right": "0",
                            "bottom": "3",
                            "left": "0",
                            "isLinked": false
                        },
                        "margin_tablet": {
                            "unit": "em",
                            "top": "0",
                            "right": "0",
                            "bottom": "0",
                            "left": "0",
                            "isLinked": false
                        },
                        "margin_mobile": {
                            "unit": "em",
                            "top": "",
                            "right": "",
                            "bottom": "",
                            "left": "",
                            "isLinked": true
                        },
                        "background_overlay_color_b": ""
                    },
                    "elements": [
                        {
                            "id": "4ce719d3",
                            "settings": {
                                "title": "Message us, we will be in touch shortly",
                                "_padding_tablet": {
                                    "unit": "em",
                                    "top": "",
                                    "right": "",
                                    "bottom": "",
                                    "left": "",
                                    "isLinked": true
                                },
                                "_padding_mobile": {
                                    "unit": "em",
                                    "top": "",
                                    "right": "",
                                    "bottom": "",
                                    "left": "",
                                    "isLinked": true
                                },
                                "__globals__": {
                                    "title_color": "globals\/colors?id=651faef",
                                    "typography_typography": "globals\/typography?id=5d167aa"
                                }
                            },
                            "elements": [],
                            "isInner": false,
                            "widgetType": "heading",
                            "elType": "widget"
                        },
                        {
                            "id": "12f5c8f2",
                            "settings": {
                                "_margin_mobile": {
                                    "unit": "em",
                                    "top": "0",
                                    "right": "0",
                                    "bottom": "-1",
                                    "left": "0",
                                    "isLinked": false
                                },
                                "__globals__": {
                                    "typography_typography": "globals\/typography?id=b2ce6af",
                                    "text_color": "globals\/colors?id=a291686"
                                },
                                "editor": "<p>Mus inceptos sodales suscipit taciti fermentum. Nam non porta dictum potenti curabitur per ultrices tincidunt.<\/p>",
                                "_margin": {
                                    "unit": "em",
                                    "top": "0",
                                    "right": "0",
                                    "bottom": "-1",
                                    "left": "0",
                                    "isLinked": false
                                },
                                "_margin_tablet": {
                                    "unit": "em",
                                    "top": "",
                                    "right": "",
                                    "bottom": "",
                                    "left": "",
                                    "isLinked": true
                                }
                            },
                            "elements": [],
                            "isInner": false,
                            "widgetType": "text-editor",
                            "elType": "widget"
                        },
                        {
                            "id": "bdacfb2",
                            "settings": {
                                "icon_list": [
                                    {
                                        "text": "Jln Cempaka Wangi No 22, Jakarta - Indonesia",
                                        "selected_icon": {
                                            "value": "icon icon-map-marker1",
                                            "library": "ekiticons"
                                        },
                                        "_id": "3f1d004"
                                    },
                                    {
                                        "text": "hello@yourdomain.tld",
                                        "selected_icon": {
                                            "value": "icon icon-email1",
                                            "library": "ekiticons"
                                        },
                                        "_id": "a363609"
                                    },
                                    {
                                        "text": "+6221 2002 2012",
                                        "selected_icon": {
                                            "value": "icon icon-phone1",
                                            "library": "ekiticons"
                                        },
                                        "_id": "8b76c3b"
                                    }
                                ],
                                "space_between": {
                                    "unit": "px",
                                    "size": 11,
                                    "sizes": []
                                },
                                "icon_size": {
                                    "unit": "px",
                                    "size": 16,
                                    "sizes": []
                                },
                                "__globals__": {
                                    "icon_typography_typography": "globals\/typography?id=b2ce6af",
                                    "text_color": "globals\/colors?id=a291686",
                                    "icon_color": "globals\/colors?id=accent",
                                    "text_color_hover": ""
                                },
                                "icon_size_tablet": {
                                    "unit": "px",
                                    "size": 15,
                                    "sizes": []
                                },
                                "icon_size_mobile": {
                                    "unit": "px",
                                    "size": 14,
                                    "sizes": []
                                },
                                "icon_self_vertical_align": "flex-start",
                                "icon_vertical_offset": {
                                    "unit": "px",
                                    "size": 2,
                                    "sizes": []
                                },
                                "icon_vertical_offset_tablet": {
                                    "unit": "px",
                                    "size": 2,
                                    "sizes": []
                                },
                                "_margin_mobile": {
                                    "unit": "px",
                                    "top": "0",
                                    "right": "0",
                                    "bottom": "10",
                                    "left": "0",
                                    "isLinked": false
                                }
                            },
                            "elements": [],
                            "isInner": false,
                            "widgetType": "icon-list",
                            "elType": "widget"
                        },
                        {
                            "id": "50182d2c",
                            "settings": {
                                "title": "Follow our social media",
                                "__globals__": {
                                    "typography_typography": "globals\/typography?id=7044a64",
                                    "title_color": "globals\/colors?id=651faef"
                                },
                                "header_size": "div"
                            },
                            "elements": [],
                            "isInner": false,
                            "widgetType": "heading",
                            "elType": "widget"
                        },
                        {
                            "id": "41036274",
                            "settings": {
                                "social_icon_list": [
                                    {
                                        "social_icon": {
                                            "value": "icon icon-facebook",
                                            "library": "ekiticons"
                                        },
                                        "_id": "e3c4f24",
                                        "link": {
                                            "url": "#",
                                            "is_external": "true",
                                            "nofollow": "",
                                            "custom_attributes": ""
                                        }
                                    },
                                    {
                                        "social_icon": {
                                            "value": "icon icon-twitter",
                                            "library": "ekiticons"
                                        },
                                        "link": {
                                            "url": "#",
                                            "is_external": "true",
                                            "nofollow": "",
                                            "custom_attributes": ""
                                        },
                                        "_id": "b05c96e"
                                    },
                                    {
                                        "social_icon": {
                                            "value": "icon icon-youtube-v",
                                            "library": "ekiticons"
                                        },
                                        "link": {
                                            "url": "#",
                                            "is_external": "true",
                                            "nofollow": "",
                                            "custom_attributes": ""
                                        },
                                        "_id": "c56be48"
                                    },
                                    {
                                        "social_icon": {
                                            "value": "icon icon-linkedin",
                                            "library": "ekiticons"
                                        },
                                        "link": {
                                            "url": "#",
                                            "is_external": "true",
                                            "nofollow": "",
                                            "custom_attributes": ""
                                        },
                                        "_id": "0598877"
                                    },
                                    {
                                        "social_icon": {
                                            "value": "icon icon-instagram-1",
                                            "library": "ekiticons"
                                        },
                                        "link": {
                                            "url": "#",
                                            "is_external": "true",
                                            "nofollow": "",
                                            "custom_attributes": ""
                                        },
                                        "_id": "7365700"
                                    }
                                ],
                                "align": "left",
                                "icon_color": "custom",
                                "icon_secondary_color": "#FFFFFF",
                                "icon_size": {
                                    "unit": "px",
                                    "size": 15,
                                    "sizes": []
                                },
                                "icon_size_tablet": {
                                    "unit": "px",
                                    "size": 14,
                                    "sizes": []
                                },
                                "icon_size_mobile": {
                                    "unit": "px",
                                    "size": 12,
                                    "sizes": []
                                },
                                "icon_padding": {
                                    "unit": "em",
                                    "size": 0.8000000000000000444089209850062616169452667236328125,
                                    "sizes": []
                                },
                                "icon_spacing": {
                                    "unit": "px",
                                    "size": 7,
                                    "sizes": []
                                },
                                "hover_animation": "grow",
                                "__globals__": {
                                    "icon_secondary_color": "globals\/colors?id=secondary",
                                    "icon_primary_color": "globals\/colors?id=accent",
                                    "hover_secondary_color": "globals\/colors?id=651faef",
                                    "hover_primary_color": "globals\/colors?id=308e809"
                                },
                                "border_radius": {
                                    "unit": "px",
                                    "top": "5",
                                    "right": "5",
                                    "bottom": "5",
                                    "left": "5",
                                    "isLinked": true
                                }
                            },
                            "elements": [],
                            "isInner": false,
                            "widgetType": "social-icons",
                            "elType": "widget"
                        }
                    ],
                    "isInner": false,
                    "elType": "column"
                },
                {
                    "id": "6d11ead8",
                    "settings": {
                        "_column_size": 50,
                        "_inline_size": null,
                        "_inline_size_tablet": 100,
                        "background_background": "classic",
                        "border_radius": {
                            "unit": "px",
                            "top": "10",
                            "right": "10",
                            "bottom": "10",
                            "left": "10",
                            "isLinked": true
                        },
                        "box_shadow_box_shadow_type": "yes",
                        "box_shadow_box_shadow": {
                            "horizontal": 0,
                            "vertical": 10,
                            "blur": 40,
                            "spread": -5,
                            "color": "rgba(0, 0, 0, 0.15)"
                        },
                        "margin": {
                            "unit": "em",
                            "top": "",
                            "right": "",
                            "bottom": "",
                            "left": "",
                            "isLinked": true
                        },
                        "margin_tablet": {
                            "unit": "em",
                            "top": "",
                            "right": "",
                            "bottom": "",
                            "left": "",
                            "isLinked": true
                        },
                        "margin_mobile": {
                            "unit": "em",
                            "top": "",
                            "right": "",
                            "bottom": "",
                            "left": "",
                            "isLinked": true
                        },
                        "padding": {
                            "unit": "em",
                            "top": "3",
                            "right": "3",
                            "bottom": "3",
                            "left": "3",
                            "isLinked": true
                        },
                        "padding_tablet": {
                            "unit": "em",
                            "top": "",
                            "right": "",
                            "bottom": "",
                            "left": "",
                            "isLinked": true
                        },
                        "padding_mobile": {
                            "unit": "px",
                            "top": "25",
                            "right": "25",
                            "bottom": "25",
                            "left": "25",
                            "isLinked": true
                        },
                        "__globals__": {
                            "background_color": "globals\/colors?id=651faef"
                        },
                        "content_position": "center"
                    },
                    "elements": [
                        {
                            "id": "5e844925",
                            "settings": {
                                "form_name": "New Form",
                                "form_fields": [
                                    {
                                        "custom_id": "field_c077194",
                                        "field_label": "Name",
                                        "placeholder": "Name",
                                        "width": "50",
                                        "dynamic": {
                                            "active": true
                                        },
                                        "_id": "c077194"
                                    },
                                    {
                                        "custom_id": "name",
                                        "field_label": "Phone",
                                        "placeholder": "Phone",
                                        "width": "50",
                                        "dynamic": {
                                            "active": true
                                        },
                                        "_id": "51165a3"
                                    },
                                    {
                                        "custom_id": "email",
                                        "field_type": "email",
                                        "required": "true",
                                        "field_label": "Email",
                                        "placeholder": "Email",
                                        "width": "50",
                                        "_id": "14c3c3e"
                                    },
                                    {
                                        "custom_id": "field_a3a0eb5",
                                        "field_type": "email",
                                        "required": "true",
                                        "field_label": "Company",
                                        "placeholder": "Company",
                                        "width": "50",
                                        "_id": "a3a0eb5"
                                    },
                                    {
                                        "custom_id": "field_77c1063",
                                        "field_type": "email",
                                        "required": "true",
                                        "field_label": "Subject",
                                        "placeholder": "Subject",
                                        "_id": "77c1063"
                                    },
                                    {
                                        "custom_id": "message",
                                        "field_type": "textarea",
                                        "field_label": "Message",
                                        "placeholder": "Message",
                                        "_id": "d95d247"
                                    }
                                ],
                                "input_size": "md",
                                "button_size": "md",
                                "step_next_label": "Next",
                                "step_previous_label": "Previous",
                                "button_text": "Send Message",
                                "email_content": "[all-fields]",
                                "email_content_2": "[all-fields]",
                                "success_message": "The form was sent successfully.",
                                "error_message": "An error occurred.",
                                "required_field_message": "This field is required.",
                                "invalid_message": "There&#039;s something wrong. The form is invalid.",
                                "button_text_color": "#FFFFFF",
                                "button_hover_color": "#FFFFFF",
                                "__globals__": {
                                    "button_text_color": "globals\/colors?id=secondary",
                                    "button_background_color": "",
                                    "button_background_hover_color": "",
                                    "button_hover_color": "globals\/colors?id=651faef",
                                    "field_border_color": ""
                                },
                                "server_message": "Your submission failed because of a server error."
                            },
                            "elements": [],
                            "isInner": false,
                            "widgetType": "form",
                            "elType": "widget"
                        }
                    ],
                    "isInner": false,
                    "elType": "column"
                }
            ],
            "isInner": false,
            "elType": "section"
        },
        {
            "id": "5c9c0513",
            "settings": {
                "layout": "full_width",
                "gap": "no",
                "background_background": "classic",
                "padding_tablet": {
                    "unit": "em",
                    "top": "0",
                    "right": "2",
                    "bottom": "8",
                    "left": "2",
                    "isLinked": false
                },
                "padding_mobile": {
                    "unit": "em",
                    "top": "1",
                    "right": "1",
                    "bottom": "7",
                    "left": "1",
                    "isLinked": false
                },
                "__globals__": {
                    "background_color": "globals\/colors?id=a954db2"
                }
            },
            "elements": [
                {
                    "id": "578a305d",
                    "settings": {
                        "_column_size": 100,
                        "_inline_size": null
                    },
                    "elements": [
                        {
                            "id": "67883ea9",
                            "settings": {
                                "address": "London Eye, London, United Kingdom",
                                "height": {
                                    "unit": "px",
                                    "size": 550,
                                    "sizes": []
                                },
                                "height_tablet": {
                                    "unit": "px",
                                    "size": 420,
                                    "sizes": []
                                },
                                "height_mobile": {
                                    "unit": "px",
                                    "size": 350,
                                    "sizes": []
                                },
                                "_border_radius_tablet": {
                                    "unit": "px",
                                    "top": "10",
                                    "right": "10",
                                    "bottom": "10",
                                    "left": "10",
                                    "isLinked": true
                                }
                            },
                            "elements": [],
                            "isInner": false,
                            "widgetType": "google_maps",
                            "elType": "widget"
                        }
                    ],
                    "isInner": false,
                    "elType": "column"
                }
            ],
            "isInner": false,
            "elType": "section"
        }
    ]
}