{
    "version": "0.4",
    "title": "Error 404",
    "type": "error-404",
    "metadata": {
        "template_type": "single-404",
        "include_in_zip": "1",
        "elementor_pro_required": "1",
        "elementor_library_type": "error-404",
        "elementor_pro_conditions": [
            "include\/singular\/not_found404"
        ],
        "additional_template_information": [
            "This is a \"Error 404\" template for Elementor Pro.",
            "This template will display on: 404 Page."
        ],
        "wp_page_template": "default"
    },
    "content": [
        {
            "id": "275711dc",
            "settings": {
                "background_background": "classic",
                "background_image": {
                    "url": "https:\/\/webkit.moxcreative.com\/aivonic\/wp-content\/uploads\/sites\/22\/2023\/06\/cyborg-hand-3d-background-technology-artificial-intelligence-1.jpg",
                    "id": 203,
                    "size": "",
                    "alt": "",
                    "source": "library"
                },
                "background_position": "center center",
                "background_repeat": "no-repeat",
                "background_size": "cover",
                "background_overlay_background": "gradient",
                "background_overlay_color_b": "#0017267A",
                "background_overlay_color_b_stop": {
                    "unit": "%",
                    "size": 60,
                    "sizes": []
                },
                "background_overlay_opacity": {
                    "unit": "px",
                    "size": 0.90000000000000002220446049250313080847263336181640625,
                    "sizes": []
                },
                "padding": {
                    "unit": "em",
                    "top": "14",
                    "right": "1",
                    "bottom": "10",
                    "left": "1",
                    "isLinked": false
                },
                "padding_tablet": {
                    "unit": "em",
                    "top": "11",
                    "right": "1",
                    "bottom": "8",
                    "left": "1",
                    "isLinked": false
                },
                "padding_mobile": {
                    "unit": "em",
                    "top": "12",
                    "right": "0.5",
                    "bottom": "9",
                    "left": "0.5",
                    "isLinked": false
                },
                "__globals__": {
                    "background_overlay_color": "globals\/colors?id=secondary"
                },
                "content_width": {
                    "unit": "px",
                    "size": 1300,
                    "sizes": []
                },
                "overflow": "hidden",
                "background_position_tablet": "initial",
                "background_xpos": {
                    "unit": "%",
                    "size": 50,
                    "sizes": []
                },
                "background_xpos_tablet": {
                    "unit": "%",
                    "size": 35,
                    "sizes": []
                },
                "background_xpos_mobile": {
                    "unit": "%",
                    "size": 35,
                    "sizes": []
                },
                "background_ypos": {
                    "unit": "%",
                    "size": 33,
                    "sizes": []
                },
                "background_ypos_tablet": {
                    "unit": "%",
                    "size": 50,
                    "sizes": []
                },
                "background_ypos_mobile": {
                    "unit": "%",
                    "size": 50,
                    "sizes": []
                }
            },
            "elements": [
                {
                    "id": "26d2a57f",
                    "settings": {
                        "_column_size": 100,
                        "_inline_size": null,
                        "space_between_widgets_mobile": 15
                    },
                    "elements": [
                        {
                            "id": "42c4fee3",
                            "settings": {
                                "padding": {
                                    "unit": "%",
                                    "top": "0",
                                    "right": "0",
                                    "bottom": "0",
                                    "left": "55",
                                    "isLinked": false
                                },
                                "padding_tablet": {
                                    "unit": "%",
                                    "top": "0",
                                    "right": "0",
                                    "bottom": "0",
                                    "left": "50",
                                    "isLinked": false
                                },
                                "padding_mobile": {
                                    "unit": "%",
                                    "top": "0",
                                    "right": "0",
                                    "bottom": "0",
                                    "left": "0",
                                    "isLinked": false
                                }
                            },
                            "elements": [
                                {
                                    "id": "6bff29db",
                                    "settings": {
                                        "_column_size": 100,
                                        "_inline_size": null,
                                        "background_background": "gradient",
                                        "background_color": "#FFFFFF24",
                                        "background_color_b": "#FFFFFF00",
                                        "background_color_b_stop": {
                                            "unit": "%",
                                            "size": 80,
                                            "sizes": []
                                        },
                                        "background_gradient_angle": {
                                            "unit": "deg",
                                            "size": 165,
                                            "sizes": []
                                        },
                                        "border_border": "solid",
                                        "border_width": {
                                            "unit": "px",
                                            "top": "1",
                                            "right": "1",
                                            "bottom": "1",
                                            "left": "1",
                                            "isLinked": true
                                        },
                                        "border_color": "#FFFFFF24",
                                        "border_radius": {
                                            "unit": "px",
                                            "top": "10",
                                            "right": "10",
                                            "bottom": "10",
                                            "left": "10",
                                            "isLinked": true
                                        },
                                        "box_shadow_hover_box_shadow_type": "yes",
                                        "box_shadow_hover_box_shadow": {
                                            "horizontal": 0,
                                            "vertical": 10,
                                            "blur": 40,
                                            "spread": -5,
                                            "color": "rgba(0, 0, 0, 0.25)"
                                        },
                                        "padding": {
                                            "unit": "em",
                                            "top": "3",
                                            "right": "3",
                                            "bottom": "3",
                                            "left": "3",
                                            "isLinked": true
                                        },
                                        "padding_tablet": {
                                            "unit": "em",
                                            "top": "2",
                                            "right": "2",
                                            "bottom": "2",
                                            "left": "2",
                                            "isLinked": true
                                        },
                                        "padding_mobile": {
                                            "unit": "px",
                                            "top": "20",
                                            "right": "20",
                                            "bottom": "20",
                                            "left": "20",
                                            "isLinked": true
                                        },
                                        "animation": "fadeInUp",
                                        "__globals__": {
                                            "border_hover_color": "",
                                            "background_color": "",
                                            "background_color_b": "globals\/colors?id=2db06a9"
                                        }
                                    },
                                    "elements": [
                                        {
                                            "id": "5cac6e33",
                                            "settings": {
                                                "title": "404",
                                                "title_color": "#FFFFFF",
                                                "typography_typography": "custom",
                                                "typography_font_family": "Rajdhani",
                                                "typography_font_size": {
                                                    "unit": "px",
                                                    "size": 145,
                                                    "sizes": []
                                                },
                                                "typography_font_size_tablet": {
                                                    "unit": "px",
                                                    "size": 120,
                                                    "sizes": []
                                                },
                                                "typography_font_size_mobile": {
                                                    "unit": "px",
                                                    "size": 97,
                                                    "sizes": []
                                                },
                                                "typography_font_weight": "700",
                                                "typography_text_transform": "capitalize",
                                                "typography_line_height": {
                                                    "unit": "em",
                                                    "size": 1,
                                                    "sizes": []
                                                },
                                                "typography_letter_spacing": {
                                                    "unit": "px",
                                                    "size": -2,
                                                    "sizes": []
                                                },
                                                "typography_word_spacing": {
                                                    "unit": "em",
                                                    "size": "",
                                                    "sizes": []
                                                },
                                                "_margin": {
                                                    "unit": "em",
                                                    "top": "-1",
                                                    "right": "0",
                                                    "bottom": "-1.5",
                                                    "left": "0",
                                                    "isLinked": false
                                                },
                                                "_margin_tablet": {
                                                    "unit": "em",
                                                    "top": "",
                                                    "right": "",
                                                    "bottom": "",
                                                    "left": "",
                                                    "isLinked": true
                                                },
                                                "_margin_mobile": {
                                                    "unit": "em",
                                                    "top": "",
                                                    "right": "",
                                                    "bottom": "",
                                                    "left": "",
                                                    "isLinked": true
                                                },
                                                "__globals__": {
                                                    "typography_typography": "",
                                                    "title_color": "globals\/colors?id=651faef"
                                                }
                                            },
                                            "elements": [],
                                            "isInner": false,
                                            "widgetType": "heading",
                                            "elType": "widget"
                                        },
                                        {
                                            "id": "52aa1135",
                                            "settings": {
                                                "title": "Page not found",
                                                "__globals__": {
                                                    "title_color": "globals\/colors?id=651faef"
                                                }
                                            },
                                            "elements": [],
                                            "isInner": false,
                                            "widgetType": "heading",
                                            "elType": "widget"
                                        },
                                        {
                                            "id": "14ba83d3",
                                            "settings": {
                                                "editor": "<p>The page you are looking for no longer exists. Perhaps you can return back to the site\u2019s homepage and see if you can find what you are looking for.<\/p>",
                                                "__globals__": {
                                                    "text_color": "globals\/colors?id=a291686"
                                                }
                                            },
                                            "elements": [],
                                            "isInner": false,
                                            "widgetType": "text-editor",
                                            "elType": "widget"
                                        },
                                        {
                                            "id": "2d3bd7a5",
                                            "settings": {
                                                "text": "Previous Page",
                                                "selected_icon": {
                                                    "value": "fas fa-chevron-left",
                                                    "library": "fa-solid"
                                                },
                                                "icon_indent": {
                                                    "unit": "px",
                                                    "size": 10,
                                                    "sizes": []
                                                }
                                            },
                                            "elements": [],
                                            "isInner": false,
                                            "widgetType": "button",
                                            "elType": "widget"
                                        }
                                    ],
                                    "isInner": true,
                                    "elType": "column"
                                }
                            ],
                            "isInner": true,
                            "elType": "section"
                        }
                    ],
                    "isInner": false,
                    "elType": "column"
                }
            ],
            "isInner": false,
            "elType": "section"
        }
    ]
}