{
    "version": "0.4",
    "title": "FAQ",
    "type": "page",
    "metadata": {
        "template_type": "single-page",
        "include_in_zip": "1",
        "elementor_pro_required": "1",
        "wp_page_template": "elementor_header_footer"
    },
    "content": [
        {
            "id": "5c3baaff",
            "settings": {
                "background_background": "classic",
                "background_image": {
                    "url": "https:\/\/webkit.moxcreative.com\/aivonic\/wp-content\/uploads\/sites\/22\/2023\/06\/dashboard-stock-market-hologram-or-man-reading-trading-data-investment-news-or-crypto-stocks-tab.jpg",
                    "id": 277,
                    "size": "",
                    "alt": "Dashboard, stock market hologram or man reading trading data, investment news or crypto stocks. Tab",
                    "source": "library"
                },
                "background_position": "initial",
                "background_repeat": "no-repeat",
                "background_size": "cover",
                "background_overlay_background": "gradient",
                "background_overlay_color_b": "#0017267A",
                "background_overlay_color_b_stop": {
                    "unit": "%",
                    "size": 60,
                    "sizes": []
                },
                "background_overlay_opacity": {
                    "unit": "px",
                    "size": 0.90000000000000002220446049250313080847263336181640625,
                    "sizes": []
                },
                "padding": {
                    "unit": "em",
                    "top": "13",
                    "right": "1",
                    "bottom": "6",
                    "left": "1",
                    "isLinked": false
                },
                "padding_tablet": {
                    "unit": "em",
                    "top": "11",
                    "right": "1",
                    "bottom": "4",
                    "left": "1",
                    "isLinked": false
                },
                "padding_mobile": {
                    "unit": "em",
                    "top": "11",
                    "right": "1",
                    "bottom": "3",
                    "left": "1",
                    "isLinked": false
                },
                "__globals__": {
                    "background_overlay_color": "globals\/colors?id=secondary"
                },
                "overflow": "hidden",
                "background_xpos": {
                    "unit": "%",
                    "size": 50,
                    "sizes": []
                },
                "background_xpos_tablet": {
                    "unit": "%",
                    "size": 50,
                    "sizes": []
                },
                "background_xpos_mobile": {
                    "unit": "%",
                    "size": 50,
                    "sizes": []
                },
                "background_ypos": {
                    "unit": "%",
                    "size": 15,
                    "sizes": []
                },
                "background_ypos_tablet": {
                    "unit": "%",
                    "size": 5,
                    "sizes": []
                },
                "background_ypos_mobile": {
                    "unit": "%",
                    "size": 0,
                    "sizes": []
                },
                "background_position_mobile": "center center"
            },
            "elements": [
                {
                    "id": "442ee654",
                    "settings": {
                        "_column_size": 100,
                        "_inline_size": null,
                        "space_between_widgets_mobile": 15
                    },
                    "elements": [
                        {
                            "id": "67ec7341",
                            "settings": {
                                "view": "inline",
                                "icon_list": [
                                    {
                                        "text": "Home",
                                        "selected_icon": {
                                            "value": "",
                                            "library": ""
                                        },
                                        "_id": "7b1af00",
                                        "link": {
                                            "url": "#",
                                            "is_external": "",
                                            "nofollow": "",
                                            "custom_attributes": ""
                                        }
                                    },
                                    {
                                        "text": "",
                                        "selected_icon": {
                                            "value": " arrow_triangle-right_alt2",
                                            "library": "skb_cife-elegant-icon"
                                        },
                                        "link": {
                                            "url": "#",
                                            "is_external": "",
                                            "nofollow": "",
                                            "custom_attributes": ""
                                        },
                                        "_id": "0e8f138",
                                        "__dynamic__": {
                                            "text": "[elementor-tag id=\"b821b63\" name=\"page-title\" settings=\"%7B%7D\"]"
                                        }
                                    }
                                ],
                                "space_between": {
                                    "unit": "px",
                                    "size": 4,
                                    "sizes": []
                                },
                                "icon_align": "center",
                                "icon_size": {
                                    "unit": "px",
                                    "size": 18,
                                    "sizes": []
                                },
                                "icon_size_tablet": {
                                    "unit": "px",
                                    "size": 17,
                                    "sizes": []
                                },
                                "icon_size_mobile": {
                                    "unit": "px",
                                    "size": 15,
                                    "sizes": []
                                },
                                "icon_vertical_offset": {
                                    "unit": "px",
                                    "size": -2,
                                    "sizes": []
                                },
                                "icon_vertical_offset_tablet": {
                                    "unit": "px",
                                    "size": -1,
                                    "sizes": []
                                },
                                "icon_vertical_offset_mobile": {
                                    "unit": "px",
                                    "size": -1,
                                    "sizes": []
                                },
                                "__globals__": {
                                    "text_color": "globals\/colors?id=651faef",
                                    "icon_typography_typography": "globals\/typography?id=84ca66e",
                                    "icon_color": "globals\/colors?id=651faef"
                                },
                                "_animation": "fadeInRight"
                            },
                            "elements": [],
                            "isInner": false,
                            "widgetType": "icon-list",
                            "elType": "widget"
                        },
                        {
                            "id": "449caea3",
                            "settings": {
                                "title": "Frequently Asked",
                                "align": "center",
                                "__globals__": {
                                    "title_color": "globals\/colors?id=651faef",
                                    "typography_typography": "globals\/typography?id=583e54c"
                                },
                                "_animation": "fadeInLeft"
                            },
                            "elements": [],
                            "isInner": false,
                            "widgetType": "heading",
                            "elType": "widget"
                        },
                        {
                            "id": "2d9ac475",
                            "settings": {
                                "width": {
                                    "unit": "px",
                                    "size": 150,
                                    "sizes": []
                                },
                                "width_tablet": {
                                    "unit": "px",
                                    "size": 140,
                                    "sizes": []
                                },
                                "width_mobile": {
                                    "unit": "px",
                                    "size": 130,
                                    "sizes": []
                                },
                                "align": "center",
                                "look": "line_icon",
                                "text": "Divider",
                                "icon": {
                                    "value": "mdi mdi-gamepad-circle",
                                    "library": "skb_cife-materialdesign-icon"
                                },
                                "weight": {
                                    "unit": "px",
                                    "size": 3,
                                    "sizes": []
                                },
                                "gap": {
                                    "unit": "px",
                                    "size": 0,
                                    "sizes": []
                                },
                                "icon_size": {
                                    "unit": "px",
                                    "size": 20,
                                    "sizes": []
                                },
                                "icon_size_tablet": {
                                    "unit": "px",
                                    "size": 18,
                                    "sizes": []
                                },
                                "icon_size_mobile": {
                                    "unit": "px",
                                    "size": 17,
                                    "sizes": []
                                },
                                "_animation": "fadeInUp",
                                "_animation_delay": 1080,
                                "__globals__": {
                                    "primary_color": "globals\/colors?id=accent",
                                    "color": "globals\/colors?id=accent"
                                }
                            },
                            "elements": [],
                            "isInner": false,
                            "widgetType": "divider",
                            "elType": "widget"
                        }
                    ],
                    "isInner": false,
                    "elType": "column"
                }
            ],
            "isInner": false,
            "elType": "section"
        },
        {
            "id": "3fe3fc79",
            "settings": {
                "structure": "22",
                "padding": {
                    "unit": "em",
                    "top": "7",
                    "right": "1",
                    "bottom": "7",
                    "left": "1",
                    "isLinked": false
                },
                "padding_tablet": {
                    "unit": "em",
                    "top": "4",
                    "right": "2",
                    "bottom": "4",
                    "left": "2",
                    "isLinked": false
                },
                "padding_mobile": {
                    "unit": "em",
                    "top": "2",
                    "right": "1",
                    "bottom": "2.5",
                    "left": "1",
                    "isLinked": false
                },
                "overflow": "hidden",
                "background_overlay_background": "classic",
                "background_overlay_image": {
                    "url": "https:\/\/webkit.moxcreative.com\/aivonic\/wp-content\/uploads\/sites\/22\/2023\/06\/15276012_5570869.jpg",
                    "id": 299,
                    "size": "",
                    "alt": "",
                    "source": "library"
                },
                "background_overlay_position": "center center",
                "background_overlay_repeat": "no-repeat",
                "background_overlay_size": "cover",
                "background_overlay_opacity": {
                    "unit": "px",
                    "size": 0.299999999999999988897769753748434595763683319091796875,
                    "sizes": []
                }
            },
            "elements": [
                {
                    "id": "4752c347",
                    "settings": {
                        "_column_size": 66,
                        "_inline_size": 64.66599999999999681676854379475116729736328125,
                        "_inline_size_tablet": 100,
                        "content_position": "center",
                        "margin": {
                            "unit": "em",
                            "top": "0",
                            "right": "3",
                            "bottom": "0",
                            "left": "0",
                            "isLinked": false
                        },
                        "margin_tablet": {
                            "unit": "em",
                            "top": "0",
                            "right": "0",
                            "bottom": "2",
                            "left": "0",
                            "isLinked": false
                        },
                        "margin_mobile": {
                            "unit": "em",
                            "top": "0",
                            "right": "0",
                            "bottom": "1.5",
                            "left": "0",
                            "isLinked": false
                        }
                    },
                    "elements": [
                        {
                            "id": "421c0eee",
                            "settings": {
                                "title": "Common Questions",
                                "__globals__": {
                                    "typography_typography": "globals\/typography?id=84ca66e",
                                    "title_color": "globals\/colors?id=secondary"
                                },
                                "_animation": "fadeInLeft"
                            },
                            "elements": [],
                            "isInner": false,
                            "widgetType": "heading",
                            "elType": "widget"
                        },
                        {
                            "id": "190d5cea",
                            "settings": {
                                "title": "Frequently Asked Questions",
                                "_animation": "fadeInUp",
                                "_margin": {
                                    "unit": "px",
                                    "top": "0",
                                    "right": "0",
                                    "bottom": "10",
                                    "left": "0",
                                    "isLinked": false
                                }
                            },
                            "elements": [],
                            "isInner": false,
                            "widgetType": "heading",
                            "elType": "widget"
                        },
                        {
                            "id": "50c15f37",
                            "settings": {
                                "ekit_accordion_items": [
                                    {
                                        "acc_title": "Where Can I Find Information?",
                                        "acc_content": "<p>Velit sociosqu purus enim pharetra sed sem at iaculis. Felis ridiculus adipiscing dignissim eros pellentesque mus vitae litora. Felis nullam tortor phasellus viverra ut arcu. Euismod magnis ante convallis vulputate odio augue sit pretium dapibus.<\/p>",
                                        "ekit_acc_is_active": "yes",
                                        "_id": "6f49139"
                                    },
                                    {
                                        "acc_title": "What Are Your Terms And Conditions?",
                                        "acc_content": "<p>Velit sociosqu purus enim pharetra sed sem at iaculis. Felis ridiculus adipiscing dignissim eros pellentesque mus vitae litora. Felis nullam tortor phasellus viverra ut arcu. Euismod magnis ante convallis vulputate odio augue sit pretium dapibus.<\/p>",
                                        "ekit_acc_is_active": "",
                                        "_id": "042b378"
                                    },
                                    {
                                        "acc_title": "Can I Buy Directly From The Factory?",
                                        "acc_content": "<p>Velit sociosqu purus enim pharetra sed sem at iaculis. Felis ridiculus adipiscing dignissim eros pellentesque mus vitae litora. Felis nullam tortor phasellus viverra ut arcu. Euismod magnis ante convallis vulputate odio augue sit pretium dapibus.<\/p>",
                                        "ekit_acc_is_active": "",
                                        "_id": "fcc8da4"
                                    },
                                    {
                                        "acc_title": "What Kinds of Payment Do You Accept?",
                                        "acc_content": "<p>Velit sociosqu purus enim pharetra sed sem at iaculis. Felis ridiculus adipiscing dignissim eros pellentesque mus vitae litora. Felis nullam tortor phasellus viverra ut arcu. Euismod magnis ante convallis vulputate odio augue sit pretium dapibus.<\/p>",
                                        "ekit_acc_is_active": "",
                                        "_id": "247bb1b"
                                    },
                                    {
                                        "acc_title": "When do I receive my order?",
                                        "acc_content": "<p>Velit sociosqu purus enim pharetra sed sem at iaculis. Felis ridiculus adipiscing dignissim eros pellentesque mus vitae litora. Felis nullam tortor phasellus viverra ut arcu. Euismod magnis ante convallis vulputate odio augue sit pretium dapibus.<\/p>",
                                        "ekit_acc_is_active": "",
                                        "_id": "43386d3"
                                    }
                                ],
                                "ekit_accordion_background_background": "gradient",
                                "ekit_accordion_border_radious_curve_shape_open": {
                                    "unit": "px",
                                    "top": "5",
                                    "right": "5",
                                    "bottom": "0",
                                    "left": "0",
                                    "isLinked": false
                                },
                                "ekit_accordion_background_close_background": "classic",
                                "ekit_accordion_title_padding": {
                                    "unit": "px",
                                    "top": "20",
                                    "right": "50",
                                    "bottom": "20",
                                    "left": "20",
                                    "isLinked": false
                                },
                                "ekit_accordion_content_padding": {
                                    "unit": "px",
                                    "top": "20",
                                    "right": "20",
                                    "bottom": "20",
                                    "left": "20",
                                    "isLinked": true
                                },
                                "__globals__": {
                                    "ekit_accordion_title_typography_typography": "globals\/typography?id=7044a64",
                                    "ekit_accordion_background_color": "globals\/colors?id=accent",
                                    "ekit_accordion_title_color": "globals\/colors?id=secondary",
                                    "ekit_accordion_background_close_color": "globals\/colors?id=651faef",
                                    "ekit_accordion_title_color_close": "globals\/colors?id=secondary",
                                    "ekit_accordion_background_close_color_b": "",
                                    "ekit_accordion_background_color_b": "globals\/colors?id=a2e2ec3",
                                    "ekit_accordion_icon_color_close": "",
                                    "ekit_accordion_icon_color": "",
                                    "ekit_accordion_title_border_close_color": "",
                                    "ekit_accordion_content_background_color": "globals\/colors?id=651faef",
                                    "ekit_accordion_content_typography_typography": "globals\/typography?id=b2ce6af",
                                    "ekit_accordion_content_color": "globals\/colors?id=text",
                                    "ekit_accordion_title_border_open_color": "",
                                    "_border_color": "",
                                    "ekit_accordion_border_closed_color": "globals\/colors?id=2db06a9",
                                    "ekit_accordion_border_open_color": "globals\/colors?id=9eaa092"
                                },
                                "ekit_accordion_display_loop_count": "",
                                "ekit_accordion_right_icon_actives": {
                                    "value": "mdi mdi-window-minimize",
                                    "library": "skb_cife-materialdesign-icon"
                                },
                                "ekit_accordion_title_color": "#030C10",
                                "ekit_accordion_background_color": "#87CEEB",
                                "ekit_accordion_title_color_close": "#595959",
                                "ekit_accordion_background_close_color_b": "",
                                "ekit_accordion_title_padding_mobile": {
                                    "unit": "px",
                                    "top": "15",
                                    "right": "40",
                                    "bottom": "15",
                                    "left": "15",
                                    "isLinked": false
                                },
                                "ekit_accordion_content_padding_mobile": {
                                    "unit": "px",
                                    "top": "15",
                                    "right": "15",
                                    "bottom": "15",
                                    "left": "15",
                                    "isLinked": true
                                },
                                "ekit_accordion_icon_typography_close_tablet": {
                                    "unit": "px",
                                    "size": 20,
                                    "sizes": []
                                },
                                "ekit_accordion_icon_typography_close_mobile": {
                                    "unit": "px",
                                    "size": 18,
                                    "sizes": []
                                },
                                "ekit_accordion_icon_typography_tablet": {
                                    "unit": "px",
                                    "size": 20,
                                    "sizes": []
                                },
                                "ekit_accordion_icon_typography_mobile": {
                                    "unit": "px",
                                    "size": 18,
                                    "sizes": []
                                },
                                "ekit_accordion_title_border_open_border": "none",
                                "ekit_accordion_title_border_close_border": "none",
                                "ekit_accordion_icon_typography_close": {
                                    "unit": "px",
                                    "size": 22,
                                    "sizes": []
                                },
                                "ekit_accordion_icon_typography": {
                                    "unit": "px",
                                    "size": 22,
                                    "sizes": []
                                },
                                "ekit_accordion_background_close_color": "#FFFFFF",
                                "ekit_accordion_content_color": "#595959",
                                "ekit_accordion_left_icons": {
                                    "value": "mdi mdi-plus",
                                    "library": "skb_cife-materialdesign-icon"
                                },
                                "ekit_accordion_left_icon_actives": {
                                    "value": "icofont icofont-minus",
                                    "library": "skb_cife-icofont-icon"
                                },
                                "ekit_accordion_title_typography_typography": "custom",
                                "ekit_accordion_title_typography_font_family": "Montserrat",
                                "ekit_accordion_title_typography_font_size": {
                                    "unit": "px",
                                    "size": 20,
                                    "sizes": []
                                },
                                "ekit_accordion_title_typography_font_size_tablet": {
                                    "unit": "px",
                                    "size": 18,
                                    "sizes": []
                                },
                                "ekit_accordion_title_typography_font_size_mobile": {
                                    "unit": "px",
                                    "size": 16,
                                    "sizes": []
                                },
                                "ekit_accordion_title_typography_font_weight": "600",
                                "ekit_accordion_title_typography_line_height": {
                                    "unit": "em",
                                    "size": 1.1999999999999999555910790149937383830547332763671875,
                                    "sizes": []
                                },
                                "ekit_accordion_title_typography_letter_spacing": {
                                    "unit": "px",
                                    "size": -1.5,
                                    "sizes": []
                                },
                                "ekit_accordion_title_typography_word_spacing": {
                                    "unit": "em",
                                    "size": "",
                                    "sizes": []
                                },
                                "ekit_accordion_border_radious_close": {
                                    "unit": "px",
                                    "top": "3",
                                    "right": "3",
                                    "bottom": "3",
                                    "left": "3",
                                    "isLinked": true
                                },
                                "ekit_accordion_content_typography_typography": "custom",
                                "ekit_accordion_content_typography_font_family": "Open Sans",
                                "ekit_accordion_content_typography_font_size": {
                                    "unit": "px",
                                    "size": 16,
                                    "sizes": []
                                },
                                "ekit_accordion_content_typography_font_size_tablet": {
                                    "unit": "px",
                                    "size": 15,
                                    "sizes": []
                                },
                                "ekit_accordion_content_typography_font_size_mobile": {
                                    "unit": "px",
                                    "size": 14,
                                    "sizes": []
                                },
                                "ekit_accordion_content_typography_line_height": {
                                    "unit": "em",
                                    "size": 1.5,
                                    "sizes": []
                                },
                                "ekit_accordion_content_typography_word_spacing": {
                                    "unit": "em",
                                    "size": "",
                                    "sizes": []
                                },
                                "ekit_accordion_border_closed_border": "solid",
                                "ekit_accordion_border_closed_width": {
                                    "unit": "px",
                                    "top": "1",
                                    "right": "1",
                                    "bottom": "1",
                                    "left": "1",
                                    "isLinked": true
                                },
                                "ekit_accordion_border_radious_closed": {
                                    "unit": "px",
                                    "top": "5",
                                    "right": "5",
                                    "bottom": "5",
                                    "left": "5",
                                    "isLinked": true
                                },
                                "ekit_accordion_section_icon_margin": {
                                    "unit": "px",
                                    "top": "20",
                                    "right": "20",
                                    "bottom": "20",
                                    "left": "20",
                                    "isLinked": true
                                },
                                "ekit_accordion_title_margin_bottom_mobile": {
                                    "unit": "px",
                                    "size": 10,
                                    "sizes": []
                                },
                                "ekit_accordion_border_closed_color": "#DADADA",
                                "ekit_accordion_border_open_border": "solid",
                                "ekit_accordion_border_open_width": {
                                    "unit": "px",
                                    "top": "1",
                                    "right": "1",
                                    "bottom": "1",
                                    "left": "1",
                                    "isLinked": true
                                },
                                "ekit_accordion_border_radious_open": {
                                    "unit": "px",
                                    "top": "5",
                                    "right": "5",
                                    "bottom": "5",
                                    "left": "5",
                                    "isLinked": true
                                },
                                "ekit_accordion_right_icons": {
                                    "value": "mdi mdi-plus-thick",
                                    "library": "skb_cife-materialdesign-icon"
                                },
                                "ekit_accordion_background_gradient_angle": {
                                    "unit": "deg",
                                    "size": 165,
                                    "sizes": []
                                },
                                "ekit_accordion_content_background_background": "classic",
                                "ekit_accordion_content_border_radious": {
                                    "unit": "px",
                                    "top": "0",
                                    "right": "0",
                                    "bottom": "5",
                                    "left": "5",
                                    "isLinked": false
                                },
                                "ekit_accordion_element_box_shadow_group_closed_box_shadow_type": "yes",
                                "ekit_accordion_element_box_shadow_group_closed_box_shadow": {
                                    "horizontal": 0,
                                    "vertical": 2,
                                    "blur": 20,
                                    "spread": -5,
                                    "color": "rgba(0, 0, 0, 0.15)"
                                },
                                "ekit_accordion_section_icon_margin_mobile": {
                                    "unit": "px",
                                    "top": "15",
                                    "right": "15",
                                    "bottom": "15",
                                    "left": "15",
                                    "isLinked": true
                                }
                            },
                            "elements": [],
                            "isInner": false,
                            "widgetType": "elementskit-accordion",
                            "elType": "widget"
                        }
                    ],
                    "isInner": false,
                    "elType": "column"
                },
                {
                    "id": "4baec122",
                    "settings": {
                        "_column_size": 33,
                        "_inline_size": 35,
                        "_inline_size_tablet": 100,
                        "space_between_widgets": 20,
                        "box_shadow_box_shadow": {
                            "horizontal": 0,
                            "vertical": 10,
                            "blur": 20,
                            "spread": 0,
                            "color": "rgba(0, 0, 0, 0.15)"
                        },
                        "padding": {
                            "unit": "em",
                            "top": "",
                            "right": "",
                            "bottom": "",
                            "left": "",
                            "isLinked": true
                        },
                        "padding_tablet": {
                            "unit": "em",
                            "top": "",
                            "right": "",
                            "bottom": "",
                            "left": "",
                            "isLinked": true
                        },
                        "padding_mobile": {
                            "unit": "em",
                            "top": "",
                            "right": "",
                            "bottom": "",
                            "left": "",
                            "isLinked": true
                        }
                    },
                    "elements": [
                        {
                            "id": "5890f8fd",
                            "settings": {
                                "image": {
                                    "url": "https:\/\/webkit.moxcreative.com\/aivonic\/wp-content\/uploads\/sites\/22\/2023\/06\/businessman-working-on-tablet-using-ai-business-technology-iot-internet-of-things-ai-concept.jpg",
                                    "id": 57,
                                    "size": "",
                                    "alt": "Businessman working on tablet using ai. Business technology, IoT Internet of Things, ai concept",
                                    "source": "library"
                                },
                                "image_size": "full",
                                "width": {
                                    "unit": "%",
                                    "size": 100,
                                    "sizes": []
                                },
                                "height": {
                                    "unit": "px",
                                    "size": 310,
                                    "sizes": []
                                },
                                "object-fit": "cover",
                                "image_border_radius": {
                                    "unit": "px",
                                    "top": "5",
                                    "right": "5",
                                    "bottom": "5",
                                    "left": "5",
                                    "isLinked": true
                                },
                                "height_tablet": {
                                    "unit": "px",
                                    "size": 350,
                                    "sizes": []
                                },
                                "height_mobile": {
                                    "unit": "px",
                                    "size": 220,
                                    "sizes": []
                                },
                                "_animation": "fadeInRight"
                            },
                            "elements": [],
                            "isInner": false,
                            "widgetType": "image",
                            "elType": "widget"
                        },
                        {
                            "id": "57872bb2",
                            "settings": {
                                "margin": {
                                    "unit": "em",
                                    "top": "0",
                                    "right": 0,
                                    "bottom": "0",
                                    "left": 0,
                                    "isLinked": false
                                },
                                "z_index": 3,
                                "overflow": "hidden",
                                "background_background": "classic",
                                "border_radius": {
                                    "unit": "px",
                                    "top": "10",
                                    "right": "10",
                                    "bottom": "10",
                                    "left": "10",
                                    "isLinked": true
                                },
                                "box_shadow_box_shadow_type": "yes",
                                "box_shadow_box_shadow": {
                                    "horizontal": 0,
                                    "vertical": 5,
                                    "blur": 30,
                                    "spread": -10,
                                    "color": "rgba(0, 0, 0, 0.15)"
                                },
                                "margin_tablet": {
                                    "unit": "em",
                                    "top": "",
                                    "right": "",
                                    "bottom": "",
                                    "left": "",
                                    "isLinked": true
                                },
                                "margin_mobile": {
                                    "unit": "em",
                                    "top": "",
                                    "right": "",
                                    "bottom": "",
                                    "left": "",
                                    "isLinked": true
                                },
                                "__globals__": {
                                    "background_color": "globals\/colors?id=651faef"
                                },
                                "animation": "fadeInUp"
                            },
                            "elements": [
                                {
                                    "id": "42d5526f",
                                    "settings": {
                                        "_column_size": 100,
                                        "_inline_size": null,
                                        "_inline_size_tablet": 100,
                                        "space_between_widgets": 20,
                                        "border_radius": {
                                            "unit": "px",
                                            "top": "5",
                                            "right": "5",
                                            "bottom": "5",
                                            "left": "5",
                                            "isLinked": true
                                        },
                                        "box_shadow_box_shadow": {
                                            "horizontal": 0,
                                            "vertical": 10,
                                            "blur": 40,
                                            "spread": -5,
                                            "color": "rgba(0, 0, 0, 0.15)"
                                        },
                                        "padding": {
                                            "unit": "em",
                                            "top": "1.5",
                                            "right": "1.5",
                                            "bottom": "1.5",
                                            "left": "1.5",
                                            "isLinked": true
                                        },
                                        "padding_tablet": {
                                            "unit": "em",
                                            "top": "2",
                                            "right": "2",
                                            "bottom": "2",
                                            "left": "2",
                                            "isLinked": true
                                        },
                                        "padding_mobile": {
                                            "unit": "px",
                                            "top": "20",
                                            "right": "20",
                                            "bottom": "20",
                                            "left": "20",
                                            "isLinked": true
                                        },
                                        "background_background": "classic",
                                        "margin": {
                                            "unit": "px",
                                            "top": "12",
                                            "right": "12",
                                            "bottom": "12",
                                            "left": "12",
                                            "isLinked": true
                                        },
                                        "__globals__": {
                                            "background_color": "globals\/colors?id=a954db2"
                                        }
                                    },
                                    "elements": [
                                        {
                                            "id": "68002ae2",
                                            "settings": {
                                                "selected_icon": {
                                                    "value": " icon_question_alt",
                                                    "library": "skb_cife-elegant-icon"
                                                },
                                                "size": {
                                                    "unit": "px",
                                                    "size": 150,
                                                    "sizes": []
                                                },
                                                "_margin": {
                                                    "unit": "px",
                                                    "top": "0",
                                                    "right": "0",
                                                    "bottom": "-6",
                                                    "left": "0",
                                                    "isLinked": false
                                                },
                                                "_element_width": "auto",
                                                "_position": "absolute",
                                                "_offset_orientation_h": "end",
                                                "_offset_x_end": {
                                                    "unit": "px",
                                                    "size": -30,
                                                    "sizes": []
                                                },
                                                "_offset_orientation_v": "end",
                                                "_offset_y_end": {
                                                    "unit": "px",
                                                    "size": -20,
                                                    "sizes": []
                                                },
                                                "__globals__": {
                                                    "primary_color": "globals\/colors?id=651faef"
                                                },
                                                "size_mobile": {
                                                    "unit": "px",
                                                    "size": 130,
                                                    "sizes": []
                                                }
                                            },
                                            "elements": [],
                                            "isInner": false,
                                            "widgetType": "icon",
                                            "elType": "widget"
                                        },
                                        {
                                            "id": "2469d47a",
                                            "settings": {
                                                "title": "Any questions you want to ask?",
                                                "_padding": {
                                                    "unit": "em",
                                                    "top": "0",
                                                    "right": "4",
                                                    "bottom": "0",
                                                    "left": "0",
                                                    "isLinked": false
                                                },
                                                "_padding_tablet": {
                                                    "unit": "em",
                                                    "top": "",
                                                    "right": "",
                                                    "bottom": "",
                                                    "left": "",
                                                    "isLinked": true
                                                },
                                                "_padding_mobile": {
                                                    "unit": "em",
                                                    "top": "",
                                                    "right": "",
                                                    "bottom": "",
                                                    "left": "",
                                                    "isLinked": true
                                                },
                                                "__globals__": {
                                                    "typography_typography": "globals\/typography?id=d3dae9a"
                                                },
                                                "_z_index": 2
                                            },
                                            "elements": [],
                                            "isInner": false,
                                            "widgetType": "heading",
                                            "elType": "widget"
                                        },
                                        {
                                            "id": "7c6f9159",
                                            "settings": {
                                                "editor": "<p>Donec ipsum dapibus interdum si metus aenean. Pede dis ligula torquent ac senectus.<\/p>",
                                                "_z_index": 2
                                            },
                                            "elements": [],
                                            "isInner": false,
                                            "widgetType": "text-editor",
                                            "elType": "widget"
                                        },
                                        {
                                            "id": "2b6f377f",
                                            "settings": {
                                                "text": "Contact Us",
                                                "_z_index": 2
                                            },
                                            "elements": [],
                                            "isInner": false,
                                            "widgetType": "button",
                                            "elType": "widget"
                                        }
                                    ],
                                    "isInner": true,
                                    "elType": "column"
                                }
                            ],
                            "isInner": true,
                            "elType": "section"
                        }
                    ],
                    "isInner": false,
                    "elType": "column"
                }
            ],
            "isInner": false,
            "elType": "section"
        },
        {
            "id": "779c6b8c",
            "settings": {
                "content_width": {
                    "unit": "px",
                    "size": 1300,
                    "sizes": []
                },
                "background_background": "classic",
                "background_image": {
                    "url": "https:\/\/webkit.moxcreative.com\/aivonic\/wp-content\/uploads\/sites\/22\/2023\/06\/tech-industry-business-industry-technology-people-and-tech-engineer-working-in-factory-.jpg",
                    "id": 319,
                    "size": "",
                    "alt": "Tech industry. Business industry technology, people and tech. Engineer working in factory.",
                    "source": "library"
                },
                "background_position": "center center",
                "background_repeat": "no-repeat",
                "background_size": "cover",
                "background_overlay_background": "classic",
                "background_overlay_opacity": {
                    "unit": "px",
                    "size": 0.59999999999999997779553950749686919152736663818359375,
                    "sizes": []
                },
                "padding": {
                    "unit": "em",
                    "top": "7",
                    "right": "1",
                    "bottom": "7",
                    "left": "1",
                    "isLinked": false
                },
                "padding_tablet": {
                    "unit": "em",
                    "top": "4",
                    "right": "1",
                    "bottom": "4",
                    "left": "1",
                    "isLinked": false
                },
                "padding_mobile": {
                    "unit": "em",
                    "top": "3",
                    "right": "0.5",
                    "bottom": "3",
                    "left": "0.5",
                    "isLinked": false
                },
                "__globals__": {
                    "background_overlay_color": "globals\/colors?id=secondary"
                },
                "overflow": "hidden"
            },
            "elements": [
                {
                    "id": "50b8a656",
                    "settings": {
                        "_column_size": 100,
                        "_inline_size": null
                    },
                    "elements": [
                        {
                            "id": "1282b9fe",
                            "settings": {
                                "padding": {
                                    "unit": "%",
                                    "top": "0",
                                    "right": "55",
                                    "bottom": "0",
                                    "left": "0",
                                    "isLinked": false
                                },
                                "padding_tablet": {
                                    "unit": "%",
                                    "top": "0",
                                    "right": "45",
                                    "bottom": "0",
                                    "left": "0",
                                    "isLinked": false
                                },
                                "padding_mobile": {
                                    "unit": "%",
                                    "top": "0",
                                    "right": "30",
                                    "bottom": "0",
                                    "left": "0",
                                    "isLinked": false
                                }
                            },
                            "elements": [
                                {
                                    "id": "2e2a66c6",
                                    "settings": {
                                        "_column_size": 100,
                                        "_inline_size": null,
                                        "animation": "fadeIn"
                                    },
                                    "elements": [
                                        {
                                            "id": "40e402c",
                                            "settings": {
                                                "title": "Building a Better Tomorrow with AI Robots",
                                                "_padding": {
                                                    "unit": "em",
                                                    "top": "0",
                                                    "right": "4",
                                                    "bottom": "0",
                                                    "left": "0",
                                                    "isLinked": false
                                                },
                                                "_padding_tablet": {
                                                    "unit": "em",
                                                    "top": "0",
                                                    "right": "0",
                                                    "bottom": "0",
                                                    "left": "0",
                                                    "isLinked": false
                                                },
                                                "_padding_mobile": {
                                                    "unit": "em",
                                                    "top": "",
                                                    "right": "",
                                                    "bottom": "",
                                                    "left": "",
                                                    "isLinked": true
                                                },
                                                "__globals__": {
                                                    "title_color": "globals\/colors?id=651faef"
                                                }
                                            },
                                            "elements": [],
                                            "isInner": false,
                                            "widgetType": "heading",
                                            "elType": "widget"
                                        },
                                        {
                                            "id": "60e3f084",
                                            "settings": {
                                                "editor": "<p>Justo nibh ultricies conubia vehicula mollis praesent diam fermentum viverra lorem malesuada. Platea bibendum magna aliquam elit sociosqu posuere class est senectus ullamcorper felis.<\/p>",
                                                "__globals__": {
                                                    "text_color": "globals\/colors?id=a291686"
                                                }
                                            },
                                            "elements": [],
                                            "isInner": false,
                                            "widgetType": "text-editor",
                                            "elType": "widget"
                                        },
                                        {
                                            "id": "14da3087",
                                            "settings": {
                                                "text": "Discover More"
                                            },
                                            "elements": [],
                                            "isInner": false,
                                            "widgetType": "button",
                                            "elType": "widget"
                                        }
                                    ],
                                    "isInner": true,
                                    "elType": "column"
                                }
                            ],
                            "isInner": true,
                            "elType": "section"
                        }
                    ],
                    "isInner": false,
                    "elType": "column"
                }
            ],
            "isInner": false,
            "elType": "section"
        },
        {
            "id": "728c5f4e",
            "settings": {
                "structure": "20",
                "padding": {
                    "unit": "em",
                    "top": "7",
                    "right": "1",
                    "bottom": "0",
                    "left": "1",
                    "isLinked": false
                },
                "padding_tablet": {
                    "unit": "em",
                    "top": "4",
                    "right": "1",
                    "bottom": "0",
                    "left": "1",
                    "isLinked": false
                },
                "padding_mobile": {
                    "unit": "em",
                    "top": "2",
                    "right": "1",
                    "bottom": "0",
                    "left": "1",
                    "isLinked": false
                },
                "overflow": "hidden",
                "background_overlay_background": "classic",
                "background_overlay_image": {
                    "url": "https:\/\/webkit.moxcreative.com\/aivonic\/wp-content\/uploads\/sites\/22\/2023\/06\/33780830_gpt4-1.jpg",
                    "id": 341,
                    "size": "",
                    "alt": "",
                    "source": "library"
                },
                "background_overlay_position": "center center",
                "background_overlay_repeat": "no-repeat",
                "background_overlay_size": "cover",
                "background_overlay_opacity": {
                    "unit": "px",
                    "size": 0.40000000000000002220446049250313080847263336181640625,
                    "sizes": []
                },
                "reverse_order_mobile": "reverse-mobile"
            },
            "elements": [
                {
                    "id": "4cabbce5",
                    "settings": {
                        "_column_size": 50,
                        "_inline_size": 40,
                        "padding": {
                            "unit": "px",
                            "top": "0",
                            "right": "0",
                            "bottom": "0",
                            "left": "0",
                            "isLinked": false
                        }
                    },
                    "elements": [
                        {
                            "id": "1449be6a",
                            "settings": {
                                "image": {
                                    "url": "https:\/\/webkit.moxcreative.com\/aivonic\/wp-content\/uploads\/sites\/22\/2023\/06\/robot-s-head-in-profile-2021-08-26-15-33-01-utc.png",
                                    "id": 337,
                                    "size": "",
                                    "alt": "",
                                    "source": "library"
                                },
                                "image_size": "full",
                                "width": {
                                    "unit": "%",
                                    "size": 100,
                                    "sizes": []
                                },
                                "_margin": {
                                    "unit": "em",
                                    "top": "0",
                                    "right": "-1",
                                    "bottom": "0",
                                    "left": "-2",
                                    "isLinked": false
                                },
                                "_margin_tablet": {
                                    "unit": "em",
                                    "top": "0",
                                    "right": "-4",
                                    "bottom": "0",
                                    "left": "-16.5",
                                    "isLinked": false
                                },
                                "_margin_mobile": {
                                    "unit": "em",
                                    "top": "0",
                                    "right": "0",
                                    "bottom": "0",
                                    "left": "0",
                                    "isLinked": false
                                },
                                "motion_fx_motion_fx_scrolling": "yes",
                                "motion_fx_translateY_effect": "yes",
                                "motion_fx_translateY_speed": {
                                    "unit": "px",
                                    "size": 3,
                                    "sizes": []
                                },
                                "motion_fx_translateY_affectedRange": {
                                    "unit": "%",
                                    "size": "",
                                    "sizes": {
                                        "start": 0,
                                        "end": 50
                                    }
                                }
                            },
                            "elements": [],
                            "isInner": false,
                            "widgetType": "image",
                            "elType": "widget"
                        }
                    ],
                    "isInner": false,
                    "elType": "column"
                },
                {
                    "id": "3e204376",
                    "settings": {
                        "_column_size": 50,
                        "_inline_size": 60,
                        "margin": {
                            "unit": "em",
                            "top": "0",
                            "right": "0",
                            "bottom": "10",
                            "left": "3",
                            "isLinked": false
                        },
                        "margin_tablet": {
                            "unit": "em",
                            "top": "0",
                            "right": "0",
                            "bottom": "8",
                            "left": "1",
                            "isLinked": false
                        },
                        "margin_mobile": {
                            "unit": "em",
                            "top": "0",
                            "right": "0",
                            "bottom": "2",
                            "left": "0",
                            "isLinked": false
                        }
                    },
                    "elements": [
                        {
                            "id": "66a1afb9",
                            "settings": {
                                "title": "Why Choose Us",
                                "__globals__": {
                                    "typography_typography": "globals\/typography?id=84ca66e",
                                    "title_color": "globals\/colors?id=secondary"
                                },
                                "_animation": "fadeInRight"
                            },
                            "elements": [],
                            "isInner": false,
                            "widgetType": "heading",
                            "elType": "widget"
                        },
                        {
                            "id": "755076d4",
                            "settings": {
                                "title": "Experience the limitless possibilities \u2013 with robotic AI",
                                "_margin": {
                                    "unit": "em",
                                    "top": "",
                                    "right": "",
                                    "bottom": "",
                                    "left": "",
                                    "isLinked": true
                                },
                                "_margin_tablet": {
                                    "unit": "em",
                                    "top": "",
                                    "right": "",
                                    "bottom": "",
                                    "left": "",
                                    "isLinked": true
                                },
                                "_margin_mobile": {
                                    "unit": "em",
                                    "top": "",
                                    "right": "",
                                    "bottom": "",
                                    "left": "",
                                    "isLinked": true
                                },
                                "_animation": "fadeInUp"
                            },
                            "elements": [],
                            "isInner": false,
                            "widgetType": "heading",
                            "elType": "widget"
                        },
                        {
                            "id": "263fac4e",
                            "settings": {
                                "editor": "<p>Auctor nunc sociosqu praesent netus faucibus integer vestibulum mauris aliquet cursus nascetur. Proin nostra natoque egestas tempus enim magnis.<\/p>"
                            },
                            "elements": [],
                            "isInner": false,
                            "widgetType": "text-editor",
                            "elType": "widget"
                        },
                        {
                            "id": "43e0b7d0",
                            "settings": {
                                "selected_icon": {
                                    "value": "icon icon-layers1",
                                    "library": "ekiticons"
                                },
                                "view": "stacked",
                                "shape": "square",
                                "title_text": "Smart Solution",
                                "description_text": "Lorem ipsum dolor sit amet, consectetur adipiscing elit. Ut elit tellus, luctus nec ullamcorper mattis, pulvinar dapibus leo.",
                                "position": "left",
                                "position_mobile": "left",
                                "icon_space": {
                                    "unit": "px",
                                    "size": 20,
                                    "sizes": []
                                },
                                "icon_space_mobile": {
                                    "unit": "px",
                                    "size": 15,
                                    "sizes": []
                                },
                                "icon_size": {
                                    "unit": "px",
                                    "size": 30,
                                    "sizes": []
                                },
                                "icon_size_tablet": {
                                    "unit": "px",
                                    "size": 27,
                                    "sizes": []
                                },
                                "icon_size_mobile": {
                                    "unit": "px",
                                    "size": 25,
                                    "sizes": []
                                },
                                "border_radius": {
                                    "unit": "px",
                                    "top": "5",
                                    "right": "5",
                                    "bottom": "5",
                                    "left": "5",
                                    "isLinked": true
                                },
                                "title_bottom_space": {
                                    "unit": "px",
                                    "size": 5,
                                    "sizes": []
                                },
                                "_animation": "fadeInUp",
                                "__globals__": {
                                    "title_typography_typography": "globals\/typography?id=83682a1",
                                    "title_color": "globals\/colors?id=secondary",
                                    "primary_color": "globals\/colors?id=accent",
                                    "secondary_color": "globals\/colors?id=secondary"
                                }
                            },
                            "elements": [],
                            "isInner": false,
                            "widgetType": "icon-box",
                            "elType": "widget"
                        },
                        {
                            "id": "566008ff",
                            "settings": {
                                "selected_icon": {
                                    "value": "icon icon-license",
                                    "library": "ekiticons"
                                },
                                "view": "stacked",
                                "shape": "square",
                                "title_text": "Certified Expert",
                                "description_text": "Vitae aptent nisl torquent faucibus porta sociosqu non tristique dolor eget. Iaculis habitant nulla hac tortor aliquam inceptos leo.",
                                "position": "left",
                                "position_mobile": "left",
                                "icon_space": {
                                    "unit": "px",
                                    "size": 20,
                                    "sizes": []
                                },
                                "icon_space_mobile": {
                                    "unit": "px",
                                    "size": 15,
                                    "sizes": []
                                },
                                "icon_size": {
                                    "unit": "px",
                                    "size": 30,
                                    "sizes": []
                                },
                                "icon_size_tablet": {
                                    "unit": "px",
                                    "size": 27,
                                    "sizes": []
                                },
                                "icon_size_mobile": {
                                    "unit": "px",
                                    "size": 25,
                                    "sizes": []
                                },
                                "border_radius": {
                                    "unit": "px",
                                    "top": "5",
                                    "right": "5",
                                    "bottom": "5",
                                    "left": "5",
                                    "isLinked": true
                                },
                                "title_bottom_space": {
                                    "unit": "px",
                                    "size": 5,
                                    "sizes": []
                                },
                                "_animation": "fadeInUp",
                                "__globals__": {
                                    "title_typography_typography": "globals\/typography?id=83682a1",
                                    "title_color": "globals\/colors?id=secondary",
                                    "primary_color": "globals\/colors?id=accent",
                                    "secondary_color": "globals\/colors?id=secondary"
                                }
                            },
                            "elements": [],
                            "isInner": false,
                            "widgetType": "icon-box",
                            "elType": "widget"
                        }
                    ],
                    "isInner": false,
                    "elType": "column"
                }
            ],
            "isInner": false,
            "elType": "section"
        }
    ]
}