{
    "version": "0.4",
    "title": "Footer",
    "type": "footer",
    "metadata": {
        "template_type": "section-footer",
        "include_in_zip": "1",
        "elementor_pro_required": "1",
        "elementor_library_type": "footer",
        "elementor_pro_conditions": [
            "include\/general"
        ],
        "additional_template_information": [
            "This is a \"Footer\" template for Elementor Pro.",
            "This template will display on: Entire Site."
        ],
        "wp_page_template": "default"
    },
    "content": [
        {
            "id": "32d11332",
            "settings": {
                "content_width": {
                    "unit": "px",
                    "size": 1350,
                    "sizes": []
                },
                "background_background": "classic",
                "padding": {
                    "unit": "em",
                    "top": "",
                    "right": "",
                    "bottom": "",
                    "left": "",
                    "isLinked": true
                },
                "padding_tablet": {
                    "unit": "em",
                    "top": "0",
                    "right": "1",
                    "bottom": "0",
                    "left": "1",
                    "isLinked": false
                },
                "padding_mobile": {
                    "unit": "px",
                    "top": "0",
                    "right": "7",
                    "bottom": "0",
                    "left": "7",
                    "isLinked": false
                },
                "__globals__": {
                    "background_color": "globals\/colors?id=secondary"
                },
                "z_index": 8
            },
            "elements": [
                {
                    "id": "da3d48",
                    "settings": {
                        "_column_size": 100,
                        "_inline_size": null,
                        "padding_tablet": {
                            "unit": "px",
                            "top": "0",
                            "right": "0",
                            "bottom": "0",
                            "left": "0",
                            "isLinked": false
                        }
                    },
                    "elements": [
                        {
                            "id": "45a84b46",
                            "settings": {
                                "content_position": "middle",
                                "structure": "20",
                                "background_background": "gradient",
                                "background_color_stop": {
                                    "unit": "%",
                                    "size": 40,
                                    "sizes": []
                                },
                                "background_gradient_angle": {
                                    "unit": "deg",
                                    "size": 175,
                                    "sizes": []
                                },
                                "border_radius": {
                                    "unit": "px",
                                    "top": "10",
                                    "right": "10",
                                    "bottom": "10",
                                    "left": "10",
                                    "isLinked": true
                                },
                                "box_shadow_box_shadow_type": "yes",
                                "box_shadow_box_shadow": {
                                    "horizontal": 0,
                                    "vertical": 10,
                                    "blur": 40,
                                    "spread": -5,
                                    "color": "rgba(0, 0, 0, 0.25)"
                                },
                                "margin": {
                                    "unit": "em",
                                    "top": "-4",
                                    "right": 0,
                                    "bottom": "0",
                                    "left": 0,
                                    "isLinked": false
                                },
                                "margin_tablet": {
                                    "unit": "em",
                                    "top": "",
                                    "right": "",
                                    "bottom": "",
                                    "left": "",
                                    "isLinked": true
                                },
                                "margin_mobile": {
                                    "unit": "em",
                                    "top": "",
                                    "right": "",
                                    "bottom": "",
                                    "left": "",
                                    "isLinked": true
                                },
                                "padding": {
                                    "unit": "em",
                                    "top": "2",
                                    "right": "1",
                                    "bottom": "2",
                                    "left": "1",
                                    "isLinked": false
                                },
                                "padding_tablet": {
                                    "unit": "em",
                                    "top": "1",
                                    "right": "1",
                                    "bottom": "1",
                                    "left": "1",
                                    "isLinked": true
                                },
                                "padding_mobile": {
                                    "unit": "px",
                                    "top": "7",
                                    "right": "7",
                                    "bottom": "7",
                                    "left": "7",
                                    "isLinked": true
                                },
                                "__globals__": {
                                    "background_color": "globals\/colors?id=accent",
                                    "background_color_b": "globals\/colors?id=a2e2ec3"
                                }
                            },
                            "elements": [
                                {
                                    "id": "64d2afaf",
                                    "settings": {
                                        "_column_size": 50,
                                        "_inline_size": 66.4620000000000032969182939268648624420166015625
                                    },
                                    "elements": [
                                        {
                                            "id": "722ebb17",
                                            "settings": {
                                                "title": "Ready to build and deploy awesome AMRs?",
                                                "__globals__": {
                                                    "typography_typography": "globals\/typography?id=5d167aa",
                                                    "title_color": "globals\/colors?id=secondary"
                                                }
                                            },
                                            "elements": [],
                                            "isInner": false,
                                            "widgetType": "heading",
                                            "elType": "widget"
                                        }
                                    ],
                                    "isInner": true,
                                    "elType": "column"
                                },
                                {
                                    "id": "2019ddf8",
                                    "settings": {
                                        "_column_size": 50,
                                        "_inline_size": 33.5,
                                        "padding": {
                                            "unit": "em",
                                            "top": "",
                                            "right": "",
                                            "bottom": "",
                                            "left": "",
                                            "isLinked": true
                                        },
                                        "padding_tablet": {
                                            "unit": "em",
                                            "top": "",
                                            "right": "",
                                            "bottom": "",
                                            "left": "",
                                            "isLinked": true
                                        },
                                        "padding_mobile": {
                                            "unit": "em",
                                            "top": "",
                                            "right": "",
                                            "bottom": "",
                                            "left": "",
                                            "isLinked": true
                                        }
                                    },
                                    "elements": [
                                        {
                                            "id": "2cc0f2db",
                                            "settings": {
                                                "text": "Let's Talk",
                                                "align": "justify",
                                                "size": "md",
                                                "typography_font_family": "Rajdhani",
                                                "typography_font_size": {
                                                    "unit": "px",
                                                    "size": 21,
                                                    "sizes": []
                                                },
                                                "typography_font_size_tablet": {
                                                    "unit": "px",
                                                    "size": 21,
                                                    "sizes": []
                                                },
                                                "typography_font_size_mobile": {
                                                    "unit": "px",
                                                    "size": 17,
                                                    "sizes": []
                                                },
                                                "typography_font_weight": "700",
                                                "typography_line_height": {
                                                    "unit": "em",
                                                    "size": 1.1999999999999999555910790149937383830547332763671875,
                                                    "sizes": []
                                                },
                                                "typography_word_spacing": {
                                                    "unit": "em",
                                                    "size": "",
                                                    "sizes": []
                                                },
                                                "background_background": "gradient",
                                                "background_gradient_angle": {
                                                    "unit": "deg",
                                                    "size": 165,
                                                    "sizes": []
                                                },
                                                "__globals__": {
                                                    "typography_typography": "globals\/typography?id=7044a64",
                                                    "background_color": "globals\/colors?id=651faef",
                                                    "background_color_b": "globals\/colors?id=651faef",
                                                    "button_text_color": "globals\/colors?id=secondary",
                                                    "border_color": "",
                                                    "button_background_hover_color": "globals\/colors?id=308e809",
                                                    "button_background_hover_color_b": "globals\/colors?id=a2e2ec3",
                                                    "hover_color": "globals\/colors?id=651faef",
                                                    "button_hover_border_color": "globals\/colors?id=accent"
                                                },
                                                "typography_typography": "custom",
                                                "button_text_color": "#001726",
                                                "background_color": "#FFFFFF",
                                                "background_color_b": "#FFFFFF",
                                                "background_color_b_stop": {
                                                    "unit": "%",
                                                    "size": 40,
                                                    "sizes": []
                                                },
                                                "hover_color": "#FFFFFF",
                                                "button_background_hover_background": "gradient",
                                                "button_background_hover_color": "#9900FF",
                                                "button_background_hover_color_stop": {
                                                    "unit": "%",
                                                    "size": 40,
                                                    "sizes": []
                                                },
                                                "button_background_hover_color_b": "#00CCFF",
                                                "button_background_hover_gradient_angle": {
                                                    "unit": "deg",
                                                    "size": 165,
                                                    "sizes": []
                                                },
                                                "button_hover_border_color": "#00FF99",
                                                "button_box_shadow_box_shadow_type": "yes",
                                                "button_box_shadow_box_shadow": {
                                                    "horizontal": 0,
                                                    "vertical": 5,
                                                    "blur": 30,
                                                    "spread": -10,
                                                    "color": "rgba(0, 0, 0, 0.25)"
                                                }
                                            },
                                            "elements": [],
                                            "isInner": false,
                                            "widgetType": "button",
                                            "elType": "widget"
                                        }
                                    ],
                                    "isInner": true,
                                    "elType": "column"
                                }
                            ],
                            "isInner": true,
                            "elType": "section"
                        },
                        {
                            "id": "64d30a4a",
                            "settings": {
                                "structure": "30",
                                "margin": {
                                    "unit": "em",
                                    "top": "4",
                                    "right": 0,
                                    "bottom": "3",
                                    "left": 0,
                                    "isLinked": false
                                },
                                "margin_tablet": {
                                    "unit": "em",
                                    "top": "3",
                                    "right": 0,
                                    "bottom": "3",
                                    "left": 0,
                                    "isLinked": true
                                },
                                "margin_mobile": {
                                    "unit": "em",
                                    "top": "3",
                                    "right": 0,
                                    "bottom": "2",
                                    "left": 0,
                                    "isLinked": false
                                },
                                "padding_tablet": {
                                    "unit": "em",
                                    "top": "0",
                                    "right": "0.5",
                                    "bottom": "0",
                                    "left": "0.5",
                                    "isLinked": false
                                },
                                "padding_mobile": {
                                    "unit": "em",
                                    "top": "",
                                    "right": "",
                                    "bottom": "",
                                    "left": "",
                                    "isLinked": true
                                }
                            },
                            "elements": [
                                {
                                    "id": "f8b8d91",
                                    "settings": {
                                        "_column_size": 33,
                                        "_inline_size": null,
                                        "space_between_widgets": 7,
                                        "margin": {
                                            "unit": "em",
                                            "top": "0",
                                            "right": "2",
                                            "bottom": "0",
                                            "left": "0",
                                            "isLinked": false
                                        },
                                        "margin_tablet": {
                                            "unit": "em",
                                            "top": "",
                                            "right": "",
                                            "bottom": "",
                                            "left": "",
                                            "isLinked": true
                                        },
                                        "margin_mobile": {
                                            "unit": "em",
                                            "top": "0",
                                            "right": "1",
                                            "bottom": "0",
                                            "left": "0",
                                            "isLinked": false
                                        },
                                        "_inline_size_tablet": 50,
                                        "_inline_size_mobile": 50
                                    },
                                    "elements": [
                                        {
                                            "id": "6efe7b55",
                                            "settings": {
                                                "title": "Company",
                                                "_margin": {
                                                    "unit": "px",
                                                    "top": "0",
                                                    "right": "0",
                                                    "bottom": "10",
                                                    "left": "0",
                                                    "isLinked": false
                                                },
                                                "__globals__": {
                                                    "typography_typography": "globals\/typography?id=7044a64",
                                                    "title_color": "globals\/colors?id=651faef"
                                                }
                                            },
                                            "elements": [],
                                            "isInner": false,
                                            "widgetType": "heading",
                                            "elType": "widget"
                                        },
                                        {
                                            "id": "10b8ed0e",
                                            "settings": {
                                                "ekit_heading_title": "About Us",
                                                "ekit_heading_link": {
                                                    "url": "#",
                                                    "is_external": "",
                                                    "nofollow": "",
                                                    "custom_attributes": ""
                                                },
                                                "ekit_heading_sub_title": "Time has changed",
                                                "shadow_text_content": "bussiness",
                                                "ekit_heading_show_seperator": "",
                                                "ekit_heading_title_margin": {
                                                    "unit": "px",
                                                    "top": "0",
                                                    "right": "0",
                                                    "bottom": "0",
                                                    "left": "0",
                                                    "isLinked": false
                                                },
                                                "_border_border": "solid",
                                                "_border_width": {
                                                    "unit": "px",
                                                    "top": "0",
                                                    "right": "0",
                                                    "bottom": "0",
                                                    "left": "0",
                                                    "isLinked": false
                                                },
                                                "_border_hover_border": "solid",
                                                "_border_hover_width": {
                                                    "unit": "px",
                                                    "top": "0",
                                                    "right": "0",
                                                    "bottom": "0",
                                                    "left": "5",
                                                    "isLinked": false
                                                },
                                                "__globals__": {
                                                    "ekit_heading_title_typography_typography": "globals\/typography?id=b2ce6af",
                                                    "ekit_heading_title_color": "globals\/colors?id=a291686",
                                                    "ekit_heading_title_color_hover": "globals\/colors?id=651faef",
                                                    "_border_color": "globals\/colors?id=2db06a9",
                                                    "_border_hover_color": "globals\/colors?id=2db06a9"
                                                }
                                            },
                                            "elements": [],
                                            "isInner": false,
                                            "widgetType": "elementskit-heading",
                                            "elType": "widget"
                                        },
                                        {
                                            "id": "a318b8c",
                                            "settings": {
                                                "text": "Divider",
                                                "color": "#FFFFFF24",
                                                "gap": {
                                                    "unit": "px",
                                                    "size": 0,
                                                    "sizes": []
                                                },
                                                "__globals__": {
                                                    "color": ""
                                                },
                                                "style": "dashed"
                                            },
                                            "elements": [],
                                            "isInner": false,
                                            "widgetType": "divider",
                                            "elType": "widget"
                                        },
                                        {
                                            "id": "45b37e89",
                                            "settings": {
                                                "ekit_heading_title": "Leadership",
                                                "ekit_heading_link": {
                                                    "url": "#",
                                                    "is_external": "",
                                                    "nofollow": "",
                                                    "custom_attributes": ""
                                                },
                                                "ekit_heading_sub_title": "Time has changed",
                                                "shadow_text_content": "bussiness",
                                                "ekit_heading_show_seperator": "",
                                                "ekit_heading_title_margin": {
                                                    "unit": "px",
                                                    "top": "0",
                                                    "right": "0",
                                                    "bottom": "0",
                                                    "left": "0",
                                                    "isLinked": false
                                                },
                                                "_border_border": "solid",
                                                "_border_width": {
                                                    "unit": "px",
                                                    "top": "0",
                                                    "right": "0",
                                                    "bottom": "0",
                                                    "left": "0",
                                                    "isLinked": false
                                                },
                                                "_border_hover_border": "solid",
                                                "_border_hover_width": {
                                                    "unit": "px",
                                                    "top": "0",
                                                    "right": "0",
                                                    "bottom": "0",
                                                    "left": "5",
                                                    "isLinked": false
                                                },
                                                "__globals__": {
                                                    "ekit_heading_title_typography_typography": "globals\/typography?id=b2ce6af",
                                                    "ekit_heading_title_color": "globals\/colors?id=a291686",
                                                    "ekit_heading_title_color_hover": "globals\/colors?id=651faef",
                                                    "_border_color": "globals\/colors?id=2db06a9",
                                                    "_border_hover_color": "globals\/colors?id=2db06a9"
                                                }
                                            },
                                            "elements": [],
                                            "isInner": false,
                                            "widgetType": "elementskit-heading",
                                            "elType": "widget"
                                        },
                                        {
                                            "id": "24dbedb6",
                                            "settings": {
                                                "text": "Divider",
                                                "color": "#FFFFFF24",
                                                "gap": {
                                                    "unit": "px",
                                                    "size": 0,
                                                    "sizes": []
                                                },
                                                "__globals__": {
                                                    "color": ""
                                                },
                                                "style": "dashed"
                                            },
                                            "elements": [],
                                            "isInner": false,
                                            "widgetType": "divider",
                                            "elType": "widget"
                                        },
                                        {
                                            "id": "350d03af",
                                            "settings": {
                                                "ekit_heading_title": "Careers",
                                                "ekit_heading_link": {
                                                    "url": "#",
                                                    "is_external": "",
                                                    "nofollow": "",
                                                    "custom_attributes": ""
                                                },
                                                "ekit_heading_sub_title": "Time has changed",
                                                "shadow_text_content": "bussiness",
                                                "ekit_heading_show_seperator": "",
                                                "ekit_heading_title_margin": {
                                                    "unit": "px",
                                                    "top": "0",
                                                    "right": "0",
                                                    "bottom": "0",
                                                    "left": "0",
                                                    "isLinked": false
                                                },
                                                "_border_border": "solid",
                                                "_border_width": {
                                                    "unit": "px",
                                                    "top": "0",
                                                    "right": "0",
                                                    "bottom": "0",
                                                    "left": "0",
                                                    "isLinked": false
                                                },
                                                "_border_hover_border": "solid",
                                                "_border_hover_width": {
                                                    "unit": "px",
                                                    "top": "0",
                                                    "right": "0",
                                                    "bottom": "0",
                                                    "left": "5",
                                                    "isLinked": false
                                                },
                                                "__globals__": {
                                                    "ekit_heading_title_typography_typography": "globals\/typography?id=b2ce6af",
                                                    "ekit_heading_title_color": "globals\/colors?id=a291686",
                                                    "ekit_heading_title_color_hover": "globals\/colors?id=651faef",
                                                    "_border_color": "globals\/colors?id=2db06a9",
                                                    "_border_hover_color": "globals\/colors?id=2db06a9"
                                                }
                                            },
                                            "elements": [],
                                            "isInner": false,
                                            "widgetType": "elementskit-heading",
                                            "elType": "widget"
                                        },
                                        {
                                            "id": "17efadff",
                                            "settings": {
                                                "text": "Divider",
                                                "color": "#FFFFFF24",
                                                "gap": {
                                                    "unit": "px",
                                                    "size": 0,
                                                    "sizes": []
                                                },
                                                "__globals__": {
                                                    "color": ""
                                                },
                                                "style": "dashed"
                                            },
                                            "elements": [],
                                            "isInner": false,
                                            "widgetType": "divider",
                                            "elType": "widget"
                                        },
                                        {
                                            "id": "7af8eda8",
                                            "settings": {
                                                "ekit_heading_title": "Partnership",
                                                "ekit_heading_link": {
                                                    "url": "#",
                                                    "is_external": "",
                                                    "nofollow": "",
                                                    "custom_attributes": ""
                                                },
                                                "ekit_heading_sub_title": "Time has changed",
                                                "shadow_text_content": "bussiness",
                                                "ekit_heading_show_seperator": "",
                                                "ekit_heading_title_margin": {
                                                    "unit": "px",
                                                    "top": "0",
                                                    "right": "0",
                                                    "bottom": "0",
                                                    "left": "0",
                                                    "isLinked": false
                                                },
                                                "_border_border": "solid",
                                                "_border_width": {
                                                    "unit": "px",
                                                    "top": "0",
                                                    "right": "0",
                                                    "bottom": "0",
                                                    "left": "0",
                                                    "isLinked": false
                                                },
                                                "_border_hover_border": "solid",
                                                "_border_hover_width": {
                                                    "unit": "px",
                                                    "top": "0",
                                                    "right": "0",
                                                    "bottom": "0",
                                                    "left": "5",
                                                    "isLinked": false
                                                },
                                                "__globals__": {
                                                    "ekit_heading_title_typography_typography": "globals\/typography?id=b2ce6af",
                                                    "ekit_heading_title_color": "globals\/colors?id=a291686",
                                                    "ekit_heading_title_color_hover": "globals\/colors?id=651faef",
                                                    "_border_color": "globals\/colors?id=2db06a9",
                                                    "_border_hover_color": "globals\/colors?id=2db06a9"
                                                }
                                            },
                                            "elements": [],
                                            "isInner": false,
                                            "widgetType": "elementskit-heading",
                                            "elType": "widget"
                                        },
                                        {
                                            "id": "39ae271d",
                                            "settings": {
                                                "text": "Divider",
                                                "color": "#FFFFFF24",
                                                "gap": {
                                                    "unit": "px",
                                                    "size": 0,
                                                    "sizes": []
                                                },
                                                "__globals__": {
                                                    "color": ""
                                                },
                                                "style": "dashed"
                                            },
                                            "elements": [],
                                            "isInner": false,
                                            "widgetType": "divider",
                                            "elType": "widget"
                                        },
                                        {
                                            "id": "15ad9e2d",
                                            "settings": {
                                                "ekit_heading_title": "Legal Notice",
                                                "ekit_heading_link": {
                                                    "url": "#",
                                                    "is_external": "",
                                                    "nofollow": "",
                                                    "custom_attributes": ""
                                                },
                                                "ekit_heading_sub_title": "Time has changed",
                                                "shadow_text_content": "bussiness",
                                                "ekit_heading_show_seperator": "",
                                                "ekit_heading_title_margin": {
                                                    "unit": "px",
                                                    "top": "0",
                                                    "right": "0",
                                                    "bottom": "0",
                                                    "left": "0",
                                                    "isLinked": false
                                                },
                                                "_border_border": "solid",
                                                "_border_width": {
                                                    "unit": "px",
                                                    "top": "0",
                                                    "right": "0",
                                                    "bottom": "0",
                                                    "left": "0",
                                                    "isLinked": false
                                                },
                                                "_border_hover_border": "solid",
                                                "_border_hover_width": {
                                                    "unit": "px",
                                                    "top": "0",
                                                    "right": "0",
                                                    "bottom": "0",
                                                    "left": "5",
                                                    "isLinked": false
                                                },
                                                "__globals__": {
                                                    "ekit_heading_title_typography_typography": "globals\/typography?id=b2ce6af",
                                                    "ekit_heading_title_color": "globals\/colors?id=a291686",
                                                    "ekit_heading_title_color_hover": "globals\/colors?id=651faef",
                                                    "_border_color": "globals\/colors?id=2db06a9",
                                                    "_border_hover_color": "globals\/colors?id=2db06a9"
                                                }
                                            },
                                            "elements": [],
                                            "isInner": false,
                                            "widgetType": "elementskit-heading",
                                            "elType": "widget"
                                        }
                                    ],
                                    "isInner": true,
                                    "elType": "column"
                                },
                                {
                                    "id": "137a8ea6",
                                    "settings": {
                                        "_column_size": 33,
                                        "_inline_size": null,
                                        "space_between_widgets": 7,
                                        "margin": {
                                            "unit": "em",
                                            "top": "0",
                                            "right": "2",
                                            "bottom": "0",
                                            "left": "0",
                                            "isLinked": false
                                        },
                                        "margin_tablet": {
                                            "unit": "em",
                                            "top": "",
                                            "right": "",
                                            "bottom": "",
                                            "left": "",
                                            "isLinked": true
                                        },
                                        "margin_mobile": {
                                            "unit": "em",
                                            "top": "0",
                                            "right": "0",
                                            "bottom": "0",
                                            "left": "1",
                                            "isLinked": false
                                        },
                                        "_inline_size_tablet": 50,
                                        "_inline_size_mobile": 50
                                    },
                                    "elements": [
                                        {
                                            "id": "34aad8",
                                            "settings": {
                                                "title": "Quick Links",
                                                "_margin": {
                                                    "unit": "px",
                                                    "top": "0",
                                                    "right": "0",
                                                    "bottom": "10",
                                                    "left": "0",
                                                    "isLinked": false
                                                },
                                                "__globals__": {
                                                    "typography_typography": "globals\/typography?id=7044a64",
                                                    "title_color": "globals\/colors?id=651faef"
                                                }
                                            },
                                            "elements": [],
                                            "isInner": false,
                                            "widgetType": "heading",
                                            "elType": "widget"
                                        },
                                        {
                                            "id": "33536fd3",
                                            "settings": {
                                                "ekit_heading_title": "Services",
                                                "ekit_heading_link": {
                                                    "url": "#",
                                                    "is_external": "",
                                                    "nofollow": "",
                                                    "custom_attributes": ""
                                                },
                                                "ekit_heading_sub_title": "Time has changed",
                                                "shadow_text_content": "bussiness",
                                                "ekit_heading_show_seperator": "",
                                                "ekit_heading_title_margin": {
                                                    "unit": "px",
                                                    "top": "0",
                                                    "right": "0",
                                                    "bottom": "0",
                                                    "left": "0",
                                                    "isLinked": false
                                                },
                                                "_border_border": "solid",
                                                "_border_width": {
                                                    "unit": "px",
                                                    "top": "0",
                                                    "right": "0",
                                                    "bottom": "0",
                                                    "left": "0",
                                                    "isLinked": false
                                                },
                                                "_border_hover_border": "solid",
                                                "_border_hover_width": {
                                                    "unit": "px",
                                                    "top": "0",
                                                    "right": "0",
                                                    "bottom": "0",
                                                    "left": "5",
                                                    "isLinked": false
                                                },
                                                "__globals__": {
                                                    "ekit_heading_title_typography_typography": "globals\/typography?id=b2ce6af",
                                                    "ekit_heading_title_color": "globals\/colors?id=a291686",
                                                    "ekit_heading_title_color_hover": "globals\/colors?id=651faef",
                                                    "_border_color": "globals\/colors?id=2db06a9",
                                                    "_border_hover_color": "globals\/colors?id=2db06a9"
                                                }
                                            },
                                            "elements": [],
                                            "isInner": false,
                                            "widgetType": "elementskit-heading",
                                            "elType": "widget"
                                        },
                                        {
                                            "id": "6bce1adc",
                                            "settings": {
                                                "text": "Divider",
                                                "color": "#FFFFFF24",
                                                "gap": {
                                                    "unit": "px",
                                                    "size": 0,
                                                    "sizes": []
                                                },
                                                "__globals__": {
                                                    "color": ""
                                                },
                                                "style": "dashed"
                                            },
                                            "elements": [],
                                            "isInner": false,
                                            "widgetType": "divider",
                                            "elType": "widget"
                                        },
                                        {
                                            "id": "28b3a812",
                                            "settings": {
                                                "ekit_heading_title": "Contact Us",
                                                "ekit_heading_link": {
                                                    "url": "#",
                                                    "is_external": "",
                                                    "nofollow": "",
                                                    "custom_attributes": ""
                                                },
                                                "ekit_heading_sub_title": "Time has changed",
                                                "shadow_text_content": "bussiness",
                                                "ekit_heading_show_seperator": "",
                                                "ekit_heading_title_margin": {
                                                    "unit": "px",
                                                    "top": "0",
                                                    "right": "0",
                                                    "bottom": "0",
                                                    "left": "0",
                                                    "isLinked": false
                                                },
                                                "_border_border": "solid",
                                                "_border_width": {
                                                    "unit": "px",
                                                    "top": "0",
                                                    "right": "0",
                                                    "bottom": "0",
                                                    "left": "0",
                                                    "isLinked": false
                                                },
                                                "_border_hover_border": "solid",
                                                "_border_hover_width": {
                                                    "unit": "px",
                                                    "top": "0",
                                                    "right": "0",
                                                    "bottom": "0",
                                                    "left": "5",
                                                    "isLinked": false
                                                },
                                                "__globals__": {
                                                    "ekit_heading_title_typography_typography": "globals\/typography?id=b2ce6af",
                                                    "ekit_heading_title_color": "globals\/colors?id=a291686",
                                                    "ekit_heading_title_color_hover": "globals\/colors?id=651faef",
                                                    "_border_color": "globals\/colors?id=2db06a9",
                                                    "_border_hover_color": "globals\/colors?id=2db06a9"
                                                }
                                            },
                                            "elements": [],
                                            "isInner": false,
                                            "widgetType": "elementskit-heading",
                                            "elType": "widget"
                                        },
                                        {
                                            "id": "38002934",
                                            "settings": {
                                                "text": "Divider",
                                                "color": "#FFFFFF24",
                                                "gap": {
                                                    "unit": "px",
                                                    "size": 0,
                                                    "sizes": []
                                                },
                                                "__globals__": {
                                                    "color": ""
                                                },
                                                "style": "dashed"
                                            },
                                            "elements": [],
                                            "isInner": false,
                                            "widgetType": "divider",
                                            "elType": "widget"
                                        },
                                        {
                                            "id": "2841266d",
                                            "settings": {
                                                "ekit_heading_title": "Help Center",
                                                "ekit_heading_link": {
                                                    "url": "#",
                                                    "is_external": "",
                                                    "nofollow": "",
                                                    "custom_attributes": ""
                                                },
                                                "ekit_heading_sub_title": "Time has changed",
                                                "shadow_text_content": "bussiness",
                                                "ekit_heading_show_seperator": "",
                                                "ekit_heading_title_margin": {
                                                    "unit": "px",
                                                    "top": "0",
                                                    "right": "0",
                                                    "bottom": "0",
                                                    "left": "0",
                                                    "isLinked": false
                                                },
                                                "_border_border": "solid",
                                                "_border_width": {
                                                    "unit": "px",
                                                    "top": "0",
                                                    "right": "0",
                                                    "bottom": "0",
                                                    "left": "0",
                                                    "isLinked": false
                                                },
                                                "_border_hover_border": "solid",
                                                "_border_hover_width": {
                                                    "unit": "px",
                                                    "top": "0",
                                                    "right": "0",
                                                    "bottom": "0",
                                                    "left": "5",
                                                    "isLinked": false
                                                },
                                                "__globals__": {
                                                    "ekit_heading_title_typography_typography": "globals\/typography?id=b2ce6af",
                                                    "ekit_heading_title_color": "globals\/colors?id=a291686",
                                                    "ekit_heading_title_color_hover": "globals\/colors?id=651faef",
                                                    "_border_color": "globals\/colors?id=2db06a9",
                                                    "_border_hover_color": "globals\/colors?id=2db06a9"
                                                }
                                            },
                                            "elements": [],
                                            "isInner": false,
                                            "widgetType": "elementskit-heading",
                                            "elType": "widget"
                                        },
                                        {
                                            "id": "46ea280e",
                                            "settings": {
                                                "text": "Divider",
                                                "color": "#FFFFFF24",
                                                "gap": {
                                                    "unit": "px",
                                                    "size": 0,
                                                    "sizes": []
                                                },
                                                "__globals__": {
                                                    "color": ""
                                                },
                                                "style": "dashed"
                                            },
                                            "elements": [],
                                            "isInner": false,
                                            "widgetType": "divider",
                                            "elType": "widget"
                                        },
                                        {
                                            "id": "4a3c056c",
                                            "settings": {
                                                "ekit_heading_title": "News & Article",
                                                "ekit_heading_link": {
                                                    "url": "#",
                                                    "is_external": "",
                                                    "nofollow": "",
                                                    "custom_attributes": ""
                                                },
                                                "ekit_heading_sub_title": "Time has changed",
                                                "shadow_text_content": "bussiness",
                                                "ekit_heading_show_seperator": "",
                                                "ekit_heading_title_margin": {
                                                    "unit": "px",
                                                    "top": "0",
                                                    "right": "0",
                                                    "bottom": "0",
                                                    "left": "0",
                                                    "isLinked": false
                                                },
                                                "_border_border": "solid",
                                                "_border_width": {
                                                    "unit": "px",
                                                    "top": "0",
                                                    "right": "0",
                                                    "bottom": "0",
                                                    "left": "0",
                                                    "isLinked": false
                                                },
                                                "_border_hover_border": "solid",
                                                "_border_hover_width": {
                                                    "unit": "px",
                                                    "top": "0",
                                                    "right": "0",
                                                    "bottom": "0",
                                                    "left": "5",
                                                    "isLinked": false
                                                },
                                                "__globals__": {
                                                    "ekit_heading_title_typography_typography": "globals\/typography?id=b2ce6af",
                                                    "ekit_heading_title_color": "globals\/colors?id=a291686",
                                                    "ekit_heading_title_color_hover": "globals\/colors?id=651faef",
                                                    "_border_color": "globals\/colors?id=2db06a9",
                                                    "_border_hover_color": "globals\/colors?id=2db06a9"
                                                }
                                            },
                                            "elements": [],
                                            "isInner": false,
                                            "widgetType": "elementskit-heading",
                                            "elType": "widget"
                                        },
                                        {
                                            "id": "3573008",
                                            "settings": {
                                                "text": "Divider",
                                                "color": "#FFFFFF24",
                                                "gap": {
                                                    "unit": "px",
                                                    "size": 0,
                                                    "sizes": []
                                                },
                                                "__globals__": {
                                                    "color": ""
                                                },
                                                "style": "dashed"
                                            },
                                            "elements": [],
                                            "isInner": false,
                                            "widgetType": "divider",
                                            "elType": "widget"
                                        },
                                        {
                                            "id": "546689bc",
                                            "settings": {
                                                "ekit_heading_title": "FAQ",
                                                "ekit_heading_link": {
                                                    "url": "#",
                                                    "is_external": "",
                                                    "nofollow": "",
                                                    "custom_attributes": ""
                                                },
                                                "ekit_heading_sub_title": "Time has changed",
                                                "shadow_text_content": "bussiness",
                                                "ekit_heading_show_seperator": "",
                                                "ekit_heading_title_margin": {
                                                    "unit": "px",
                                                    "top": "0",
                                                    "right": "0",
                                                    "bottom": "0",
                                                    "left": "0",
                                                    "isLinked": false
                                                },
                                                "_border_border": "solid",
                                                "_border_width": {
                                                    "unit": "px",
                                                    "top": "0",
                                                    "right": "0",
                                                    "bottom": "0",
                                                    "left": "0",
                                                    "isLinked": false
                                                },
                                                "_border_hover_border": "solid",
                                                "_border_hover_width": {
                                                    "unit": "px",
                                                    "top": "0",
                                                    "right": "0",
                                                    "bottom": "0",
                                                    "left": "5",
                                                    "isLinked": false
                                                },
                                                "__globals__": {
                                                    "ekit_heading_title_typography_typography": "globals\/typography?id=b2ce6af",
                                                    "ekit_heading_title_color": "globals\/colors?id=a291686",
                                                    "ekit_heading_title_color_hover": "globals\/colors?id=651faef",
                                                    "_border_color": "globals\/colors?id=2db06a9",
                                                    "_border_hover_color": "globals\/colors?id=2db06a9"
                                                }
                                            },
                                            "elements": [],
                                            "isInner": false,
                                            "widgetType": "elementskit-heading",
                                            "elType": "widget"
                                        }
                                    ],
                                    "isInner": true,
                                    "elType": "column"
                                },
                                {
                                    "id": "623a5056",
                                    "settings": {
                                        "_column_size": 33,
                                        "_inline_size": null,
                                        "_inline_size_tablet": 100,
                                        "margin_tablet": {
                                            "unit": "em",
                                            "top": "2",
                                            "right": "0",
                                            "bottom": "0",
                                            "left": "0",
                                            "isLinked": false
                                        },
                                        "margin_mobile": {
                                            "unit": "em",
                                            "top": "2",
                                            "right": "0",
                                            "bottom": "0",
                                            "left": "0",
                                            "isLinked": false
                                        }
                                    },
                                    "elements": [
                                        {
                                            "id": "7776e4ac",
                                            "settings": {
                                                "image": {
                                                    "url": "https:\/\/webkit.moxcreative.com\/aivonic\/wp-content\/uploads\/sites\/22\/2023\/06\/Logo_Aivonic_1.png",
                                                    "id": 68,
                                                    "size": "",
                                                    "alt": "",
                                                    "source": "library"
                                                },
                                                "image_size": "full",
                                                "width": {
                                                    "unit": "%",
                                                    "size": 100,
                                                    "sizes": []
                                                },
                                                "height": {
                                                    "unit": "px",
                                                    "size": 35,
                                                    "sizes": []
                                                },
                                                "object-fit": "contain",
                                                "_element_width": "auto",
                                                "height_tablet": {
                                                    "unit": "px",
                                                    "size": 33,
                                                    "sizes": []
                                                },
                                                "height_mobile": {
                                                    "unit": "px",
                                                    "size": 30,
                                                    "sizes": []
                                                },
                                                "_margin": {
                                                    "unit": "px",
                                                    "top": "0",
                                                    "right": "0",
                                                    "bottom": "20",
                                                    "left": "0",
                                                    "isLinked": false
                                                }
                                            },
                                            "elements": [],
                                            "isInner": false,
                                            "widgetType": "image",
                                            "elType": "widget"
                                        },
                                        {
                                            "id": "5fde7028",
                                            "settings": {
                                                "editor": "<p>Viverra sollicitudin lectus nulla ridiculus nascetur nam netus dolor. Tempor mus curabitur hendrerit volutpat ligula aptent ultrices sodales.<\/p>",
                                                "_margin": {
                                                    "unit": "em",
                                                    "top": "0",
                                                    "right": "0",
                                                    "bottom": "-1",
                                                    "left": "0",
                                                    "isLinked": false
                                                },
                                                "_margin_tablet": {
                                                    "unit": "em",
                                                    "top": "",
                                                    "right": "",
                                                    "bottom": "",
                                                    "left": "",
                                                    "isLinked": true
                                                },
                                                "_margin_mobile": {
                                                    "unit": "em",
                                                    "top": "",
                                                    "right": "",
                                                    "bottom": "",
                                                    "left": "",
                                                    "isLinked": true
                                                },
                                                "__globals__": {
                                                    "text_color": "globals\/colors?id=a291686"
                                                }
                                            },
                                            "elements": [],
                                            "isInner": false,
                                            "widgetType": "text-editor",
                                            "elType": "widget"
                                        },
                                        {
                                            "id": "4fb2b46e",
                                            "settings": {
                                                "title": "Newsletter",
                                                "__globals__": {
                                                    "typography_typography": "globals\/typography?id=7044a64",
                                                    "title_color": "globals\/colors?id=651faef"
                                                }
                                            },
                                            "elements": [],
                                            "isInner": false,
                                            "widgetType": "heading",
                                            "elType": "widget"
                                        },
                                        {
                                            "id": "4d9d416a",
                                            "settings": {
                                                "form_name": "New Form",
                                                "form_fields": [
                                                    {
                                                        "custom_id": "email",
                                                        "field_type": "email",
                                                        "required": "true",
                                                        "field_label": "Email",
                                                        "placeholder": "Email",
                                                        "width": "66",
                                                        "_id": "2db4a1b"
                                                    }
                                                ],
                                                "show_labels": "",
                                                "button_width": "33",
                                                "step_next_label": "Next",
                                                "step_previous_label": "Previous",
                                                "button_text": "Submit",
                                                "email_content": "[all-fields]",
                                                "email_content_2": "[all-fields]",
                                                "success_message": "Your submission was successful.",
                                                "error_message": "Your submission failed because of an error.",
                                                "server_message": "Your submission failed because of a server error.",
                                                "invalid_message": "Your submission failed because the form is invalid.",
                                                "required_field_message": "This field is required.",
                                                "column_gap": {
                                                    "unit": "px",
                                                    "size": 7,
                                                    "sizes": []
                                                },
                                                "button_text_padding": {
                                                    "unit": "px",
                                                    "top": "12.4",
                                                    "right": "12.4",
                                                    "bottom": "12.4",
                                                    "left": "12.4",
                                                    "isLinked": true
                                                },
                                                "__globals__": {
                                                    "button_text_color": "globals\/colors?id=secondary",
                                                    "button_hover_color": "globals\/colors?id=651faef"
                                                }
                                            },
                                            "elements": [],
                                            "isInner": false,
                                            "widgetType": "form",
                                            "elType": "widget"
                                        }
                                    ],
                                    "isInner": true,
                                    "elType": "column"
                                }
                            ],
                            "isInner": true,
                            "elType": "section"
                        },
                        {
                            "id": "6e8fc933",
                            "settings": {
                                "content_position": "middle",
                                "structure": "20",
                                "border_border": "solid",
                                "border_width": {
                                    "unit": "px",
                                    "top": "1",
                                    "right": "1",
                                    "bottom": "0",
                                    "left": "1",
                                    "isLinked": false
                                },
                                "border_color": "#FFFFFF24",
                                "border_radius": {
                                    "unit": "px",
                                    "top": "10",
                                    "right": "10",
                                    "bottom": "0",
                                    "left": "0",
                                    "isLinked": false
                                },
                                "padding": {
                                    "unit": "em",
                                    "top": "1",
                                    "right": "0",
                                    "bottom": "0.5",
                                    "left": "0",
                                    "isLinked": false
                                },
                                "padding_tablet": {
                                    "unit": "em",
                                    "top": "1",
                                    "right": "0.5",
                                    "bottom": "1",
                                    "left": "0.5",
                                    "isLinked": false
                                },
                                "padding_mobile": {
                                    "unit": "em",
                                    "top": "",
                                    "right": "",
                                    "bottom": "",
                                    "left": "",
                                    "isLinked": true
                                }
                            },
                            "elements": [
                                {
                                    "id": "c79e3b6",
                                    "settings": {
                                        "_column_size": 50,
                                        "_inline_size": null,
                                        "_inline_size_tablet": 35,
                                        "padding_mobile": {
                                            "unit": "px",
                                            "top": "10",
                                            "right": "10",
                                            "bottom": "0",
                                            "left": "10",
                                            "isLinked": false
                                        }
                                    },
                                    "elements": [
                                        {
                                            "id": "718ebda4",
                                            "settings": {
                                                "view": "inline",
                                                "icon_list": [
                                                    {
                                                        "text": "Terms of Service",
                                                        "selected_icon": {
                                                            "value": "",
                                                            "library": ""
                                                        },
                                                        "_id": "70bc5ec",
                                                        "link": {
                                                            "url": "#",
                                                            "is_external": "",
                                                            "nofollow": "",
                                                            "custom_attributes": ""
                                                        }
                                                    },
                                                    {
                                                        "text": "Privacy Policy",
                                                        "selected_icon": {
                                                            "value": "",
                                                            "library": ""
                                                        },
                                                        "link": {
                                                            "url": "#",
                                                            "is_external": "",
                                                            "nofollow": "",
                                                            "custom_attributes": ""
                                                        },
                                                        "_id": "1768294"
                                                    }
                                                ],
                                                "__globals__": {
                                                    "icon_typography_typography": "globals\/typography?id=112b6c4",
                                                    "text_color": "globals\/colors?id=a291686",
                                                    "text_color_hover": "globals\/colors?id=651faef",
                                                    "divider_color": "globals\/colors?id=accent"
                                                },
                                                "space_between": {
                                                    "unit": "px",
                                                    "size": 20,
                                                    "sizes": []
                                                },
                                                "divider": "yes",
                                                "divider_weight": {
                                                    "unit": "px",
                                                    "size": 3,
                                                    "sizes": []
                                                },
                                                "divider_height": {
                                                    "unit": "px",
                                                    "size": 3,
                                                    "sizes": []
                                                }
                                            },
                                            "elements": [],
                                            "isInner": false,
                                            "widgetType": "icon-list",
                                            "elType": "widget"
                                        }
                                    ],
                                    "isInner": true,
                                    "elType": "column"
                                },
                                {
                                    "id": "6722efb6",
                                    "settings": {
                                        "_column_size": 50,
                                        "_inline_size": null,
                                        "_inline_size_tablet": 65
                                    },
                                    "elements": [
                                        {
                                            "id": "6a3f2241",
                                            "settings": {
                                                "title": "Copyright \u00a9 2023 Aivonic, All rights reserved. Powered by MoxCreative",
                                                "align": "right",
                                                "__globals__": {
                                                    "typography_typography": "globals\/typography?id=112b6c4",
                                                    "title_color": "globals\/colors?id=a291686"
                                                },
                                                "align_mobile": "left"
                                            },
                                            "elements": [],
                                            "isInner": false,
                                            "widgetType": "heading",
                                            "elType": "widget"
                                        }
                                    ],
                                    "isInner": true,
                                    "elType": "column"
                                }
                            ],
                            "isInner": true,
                            "elType": "section"
                        }
                    ],
                    "isInner": false,
                    "elType": "column"
                }
            ],
            "isInner": false,
            "elType": "section"
        }
    ]
}