{
    "version": "0.4",
    "title": "Global Kit Styles",
    "type": "section",
    "metadata": {
        "template_type": "global-styles",
        "include_in_zip": "1",
        "elementor_pro_required": "1",
        "additional_template_information": [
            "These are the global theme styles configured through the Elementor Theme Styles area."
        ],
        "wp_page_template": "default"
    },
    "content": [],
    "page_settings": {
        "system_colors": [
            {
                "_id": "primary",
                "title": "Primary",
                "color": "#0099FF"
            },
            {
                "_id": "secondary",
                "title": "Secondary",
                "color": "#001726"
            },
            {
                "_id": "text",
                "title": "Text",
                "color": "#727272"
            },
            {
                "_id": "accent",
                "title": "Accent",
                "color": "#00FF99"
            }
        ],
        "custom_colors": [
            {
                "_id": "308e809",
                "title": "Accent 2",
                "color": "#9900FF"
            },
            {
                "_id": "a291686",
                "title": "Accent 3",
                "color": "#CCCCCC"
            },
            {
                "_id": "9eaa092",
                "title": "Divider\/Border",
                "color": "#E6E6E6"
            },
            {
                "_id": "a954db2",
                "title": "BG Light",
                "color": "#F2F2F2"
            },
            {
                "_id": "651faef",
                "title": "Netral",
                "color": "#FFFFFF"
            },
            {
                "_id": "2db06a9",
                "title": "Transparent",
                "color": "#FFFFFF00"
            },
            {
                "_id": "f2fe829",
                "title": "Dark BG",
                "color": "#000000"
            },
            {
                "_id": "a2e2ec3",
                "title": "Primary Light",
                "color": "#00CCFF"
            }
        ],
        "system_typography": [
            {
                "_id": "primary",
                "title": "Primary",
                "typography_typography": "custom",
                "typography_font_family": "Rajdhani",
                "typography_font_weight": "700",
                "typography_font_size": {
                    "unit": "px",
                    "size": 57,
                    "sizes": []
                },
                "typography_text_transform": "capitalize",
                "typography_line_height": {
                    "unit": "em",
                    "size": 1.100000000000000088817841970012523233890533447265625,
                    "sizes": []
                },
                "typography_letter_spacing": {
                    "unit": "px",
                    "size": -2,
                    "sizes": []
                },
                "typography_font_size_tablet": {
                    "unit": "px",
                    "size": 45,
                    "sizes": []
                },
                "typography_font_size_mobile": {
                    "unit": "px",
                    "size": 36,
                    "sizes": []
                }
            },
            {
                "_id": "secondary",
                "title": "Secondary",
                "typography_typography": "custom",
                "typography_font_family": "Rajdhani",
                "typography_font_weight": "700",
                "typography_font_size": {
                    "unit": "px",
                    "size": 44,
                    "sizes": []
                },
                "typography_line_height": {
                    "unit": "em",
                    "size": 1.100000000000000088817841970012523233890533447265625,
                    "sizes": []
                },
                "typography_font_size_tablet": {
                    "unit": "px",
                    "size": 37,
                    "sizes": []
                },
                "typography_font_size_mobile": {
                    "unit": "px",
                    "size": 30,
                    "sizes": []
                },
                "typography_letter_spacing": {
                    "unit": "px",
                    "size": -1,
                    "sizes": []
                }
            },
            {
                "_id": "text",
                "title": "Button Text",
                "typography_typography": "custom",
                "typography_font_family": "Rajdhani",
                "typography_font_size": {
                    "unit": "px",
                    "size": 17,
                    "sizes": []
                },
                "typography_line_height": {
                    "unit": "em",
                    "size": 1,
                    "sizes": []
                },
                "typography_font_size_tablet": {
                    "unit": "px",
                    "size": 16,
                    "sizes": []
                },
                "typography_font_size_mobile": {
                    "unit": "px",
                    "size": 15,
                    "sizes": []
                },
                "typography_font_weight": "500",
                "typography_text_transform": "capitalize"
            },
            {
                "_id": "accent",
                "title": "Accent",
                "typography_typography": "custom",
                "typography_font_family": "Roboto",
                "typography_font_weight": "400",
                "typography_font_size": {
                    "unit": "px",
                    "size": 20,
                    "sizes": []
                },
                "typography_line_height": {
                    "unit": "em",
                    "size": 1.1999999999999999555910790149937383830547332763671875,
                    "sizes": []
                },
                "typography_font_size_tablet": {
                    "unit": "px",
                    "size": 18,
                    "sizes": []
                },
                "typography_font_size_mobile": {
                    "unit": "px",
                    "size": 16,
                    "sizes": []
                }
            }
        ],
        "custom_typography": [
            {
                "_id": "b2ce6af",
                "title": "Global Font",
                "typography_typography": "custom",
                "typography_font_family": "Roboto",
                "typography_font_size": {
                    "unit": "px",
                    "size": 16,
                    "sizes": []
                },
                "typography_line_height": {
                    "unit": "em",
                    "size": 1.5,
                    "sizes": []
                },
                "typography_font_size_tablet": {
                    "unit": "px",
                    "size": 15,
                    "sizes": []
                },
                "typography_font_size_mobile": {
                    "unit": "px",
                    "size": 14,
                    "sizes": []
                }
            },
            {
                "_id": "69c152f",
                "title": "Small Font",
                "typography_typography": "custom",
                "typography_font_family": "Roboto",
                "typography_font_size": {
                    "unit": "px",
                    "size": 14,
                    "sizes": []
                },
                "typography_line_height": {
                    "unit": "em",
                    "size": 1.600000000000000088817841970012523233890533447265625,
                    "sizes": []
                },
                "typography_font_size_tablet": {
                    "unit": "px",
                    "size": 13,
                    "sizes": []
                },
                "typography_font_size_mobile": {
                    "unit": "px",
                    "size": 12,
                    "sizes": []
                }
            },
            {
                "_id": "520c191",
                "title": "Header",
                "typography_typography": "custom",
                "typography_font_family": "Rajdhani",
                "typography_font_size": {
                    "unit": "px",
                    "size": 16,
                    "sizes": []
                },
                "typography_font_weight": "600",
                "typography_font_size_mobile": {
                    "unit": "px",
                    "size": 13,
                    "sizes": []
                },
                "typography_line_height": {
                    "unit": "em",
                    "size": 1.1999999999999999555910790149937383830547332763671875,
                    "sizes": []
                },
                "typography_font_size_tablet": {
                    "unit": "px",
                    "size": 14,
                    "sizes": []
                },
                "typography_text_transform": "uppercase",
                "typography_letter_spacing": {
                    "unit": "px",
                    "size": 0,
                    "sizes": []
                }
            },
            {
                "_id": "583e54c",
                "title": "H1",
                "typography_typography": "custom",
                "typography_font_family": "Rajdhani",
                "typography_font_size": {
                    "unit": "px",
                    "size": 57,
                    "sizes": []
                },
                "typography_font_weight": "700",
                "typography_line_height": {
                    "unit": "em",
                    "size": 1,
                    "sizes": []
                },
                "typography_letter_spacing": {
                    "unit": "px",
                    "size": -2,
                    "sizes": []
                },
                "typography_font_size_tablet": {
                    "unit": "px",
                    "size": 45,
                    "sizes": []
                },
                "typography_font_size_mobile": {
                    "unit": "px",
                    "size": 36,
                    "sizes": []
                },
                "typography_text_transform": "capitalize"
            },
            {
                "_id": "5d167aa",
                "title": "H2",
                "typography_typography": "custom",
                "typography_font_family": "Rajdhani",
                "typography_font_size": {
                    "unit": "px",
                    "size": 44,
                    "sizes": []
                },
                "typography_font_weight": "700",
                "typography_line_height": {
                    "unit": "em",
                    "size": 1,
                    "sizes": []
                },
                "typography_font_size_tablet": {
                    "unit": "px",
                    "size": 37,
                    "sizes": []
                },
                "typography_font_size_mobile": {
                    "unit": "px",
                    "size": 30,
                    "sizes": []
                },
                "typography_letter_spacing": {
                    "unit": "px",
                    "size": -1,
                    "sizes": []
                }
            },
            {
                "_id": "d3dae9a",
                "title": "H3",
                "typography_typography": "custom",
                "typography_font_family": "Rajdhani",
                "typography_font_size": {
                    "unit": "px",
                    "size": 33,
                    "sizes": []
                },
                "typography_font_weight": "700",
                "typography_line_height": {
                    "unit": "em",
                    "size": 1.100000000000000088817841970012523233890533447265625,
                    "sizes": []
                },
                "typography_font_size_tablet": {
                    "unit": "px",
                    "size": 29,
                    "sizes": []
                },
                "typography_font_size_mobile": {
                    "unit": "px",
                    "size": 24,
                    "sizes": []
                },
                "typography_letter_spacing": {
                    "unit": "px",
                    "size": -1,
                    "sizes": []
                }
            },
            {
                "_id": "83682a1",
                "title": "H4",
                "typography_typography": "custom",
                "typography_font_family": "Rajdhani",
                "typography_font_size": {
                    "unit": "px",
                    "size": 28,
                    "sizes": []
                },
                "typography_font_weight": "700",
                "typography_line_height": {
                    "unit": "em",
                    "size": 1.100000000000000088817841970012523233890533447265625,
                    "sizes": []
                },
                "typography_font_size_tablet": {
                    "unit": "px",
                    "size": 26,
                    "sizes": []
                },
                "typography_font_size_mobile": {
                    "unit": "px",
                    "size": 20,
                    "sizes": []
                },
                "typography_letter_spacing": {
                    "unit": "px",
                    "size": -0.5,
                    "sizes": []
                }
            },
            {
                "_id": "7044a64",
                "title": "H5",
                "typography_typography": "custom",
                "typography_font_family": "Rajdhani",
                "typography_font_size": {
                    "unit": "px",
                    "size": 21,
                    "sizes": []
                },
                "typography_font_weight": "700",
                "typography_line_height": {
                    "unit": "em",
                    "size": 1.1999999999999999555910790149937383830547332763671875,
                    "sizes": []
                },
                "typography_font_size_tablet": {
                    "unit": "px",
                    "size": 21,
                    "sizes": []
                },
                "typography_font_size_mobile": {
                    "unit": "px",
                    "size": 17,
                    "sizes": []
                }
            },
            {
                "_id": "84ca66e",
                "title": "H6",
                "typography_typography": "custom",
                "typography_font_family": "Rajdhani",
                "typography_font_size": {
                    "unit": "px",
                    "size": 18,
                    "sizes": []
                },
                "typography_font_weight": "600",
                "typography_line_height": {
                    "unit": "em",
                    "size": 1.1999999999999999555910790149937383830547332763671875,
                    "sizes": []
                },
                "typography_letter_spacing": {
                    "unit": "px",
                    "size": 2,
                    "sizes": []
                },
                "typography_font_size_tablet": {
                    "unit": "px",
                    "size": 16.199999999999999289457264239899814128875732421875,
                    "sizes": []
                },
                "typography_font_size_mobile": {
                    "unit": "px",
                    "size": 14.5999999999999996447286321199499070644378662109375,
                    "sizes": []
                },
                "typography_text_transform": "uppercase"
            },
            {
                "_id": "112b6c4",
                "title": "Footer",
                "typography_typography": "custom",
                "typography_font_family": "Roboto",
                "typography_font_size": {
                    "unit": "px",
                    "size": 13,
                    "sizes": []
                },
                "typography_font_weight": "400",
                "typography_font_size_tablet": {
                    "unit": "px",
                    "size": 12,
                    "sizes": []
                },
                "typography_font_size_mobile": {
                    "unit": "px",
                    "size": 11,
                    "sizes": []
                }
            },
            {
                "_id": "3715edf",
                "title": "Hero Text",
                "typography_typography": "custom",
                "typography_font_family": "Rajdhani",
                "typography_font_size": {
                    "unit": "px",
                    "size": 73,
                    "sizes": []
                },
                "typography_font_weight": "700",
                "typography_text_transform": "capitalize",
                "typography_line_height": {
                    "unit": "em",
                    "size": 1,
                    "sizes": []
                },
                "typography_letter_spacing": {
                    "unit": "px",
                    "size": -2,
                    "sizes": []
                },
                "typography_font_size_tablet": {
                    "unit": "px",
                    "size": 56,
                    "sizes": []
                },
                "typography_font_size_mobile": {
                    "unit": "px",
                    "size": 44,
                    "sizes": []
                }
            }
        ],
        "default_generic_fonts": "Sans-serif",
        "button_border_radius": {
            "unit": "px",
            "top": "5",
            "right": "5",
            "bottom": "5",
            "left": "5",
            "isLinked": true
        },
        "form_field_border_border": "solid",
        "form_field_border_width": {
            "unit": "px",
            "top": "1",
            "right": "1",
            "bottom": "1",
            "left": "1",
            "isLinked": true
        },
        "form_field_border_radius": {
            "unit": "px",
            "top": "5",
            "right": "5",
            "bottom": "5",
            "left": "5",
            "isLinked": true
        },
        "form_field_focus_border_border": "solid",
        "form_field_focus_border_width": {
            "unit": "px",
            "top": "1",
            "right": "1",
            "bottom": "1",
            "left": "1",
            "isLinked": true
        },
        "page_title_selector": "h1.entry-title",
        "hello_footer_copyright_text": "All rights reserved",
        "activeItemIndex": 1,
        "__globals__": {
            "form_field_background_color": "globals\/colors?id=651faef",
            "form_field_border_color": "globals\/colors?id=9eaa092",
            "form_field_focus_background_color": "globals\/colors?id=651faef",
            "form_field_focus_border_color": "globals\/colors?id=accent",
            "form_field_text_color": "globals\/colors?id=text",
            "form_field_focus_text_color": "globals\/colors?id=text",
            "button_text_color": "globals\/colors?id=secondary",
            "button_background_color": "globals\/colors?id=accent",
            "button_hover_text_color": "globals\/colors?id=651faef",
            "button_hover_background_color": "globals\/colors?id=308e809",
            "body_typography_typography": "globals\/typography?id=b2ce6af",
            "body_color": "globals\/colors?id=text",
            "link_normal_color": "globals\/colors?id=secondary",
            "link_hover_color": "globals\/colors?id=accent",
            "h1_typography_typography": "globals\/typography?id=583e54c",
            "h2_typography_typography": "globals\/typography?id=5d167aa",
            "h3_typography_typography": "globals\/typography?id=d3dae9a",
            "h4_typography_typography": "globals\/typography?id=83682a1",
            "h5_typography_typography": "globals\/typography?id=7044a64",
            "h6_typography_typography": "globals\/typography?id=84ca66e",
            "h6_color": "globals\/colors?id=secondary",
            "h1_color": "globals\/colors?id=secondary",
            "h2_color": "globals\/colors?id=secondary",
            "h3_color": "globals\/colors?id=secondary",
            "h4_color": "globals\/colors?id=secondary",
            "h5_color": "globals\/colors?id=secondary",
            "form_label_color": "globals\/colors?id=secondary",
            "form_field_typography_typography": "",
            "button_background_color_b": "globals\/colors?id=a2e2ec3",
            "button_hover_background_color_b": "globals\/colors?id=a2e2ec3",
            "button_typography_typography": "globals\/typography?id=text",
            "body_background_color": "",
            "form_label_typography_typography": "",
            "form_field_accent_color": "",
            "button_border_color": "",
            "button_hover_border_color": "",
            "settings_page_transitions_background_color": "globals\/colors?id=651faef",
            "settings_page_transitions_preloader_color": "globals\/colors?id=accent"
        },
        "viewport_md": 768,
        "viewport_lg": 1025,
        "container_width": {
            "unit": "px",
            "size": 1280,
            "sizes": []
        },
        "body_color": "#727272",
        "link_normal_color": "#001726",
        "link_hover_color": "#00FF99",
        "h1_color": "#001726",
        "h1_typography_typography": "custom",
        "h1_typography_font_family": "Rajdhani",
        "h1_typography_font_size": {
            "unit": "px",
            "size": 57,
            "sizes": []
        },
        "h1_typography_font_weight": "700",
        "h1_typography_text_transform": "capitalize",
        "h1_typography_line_height": {
            "unit": "em",
            "size": 1.100000000000000088817841970012523233890533447265625,
            "sizes": []
        },
        "h1_typography_letter_spacing": {
            "unit": "px",
            "size": -2,
            "sizes": []
        },
        "h1_typography_word_spacing": {
            "unit": "em",
            "size": "",
            "sizes": []
        },
        "h2_color": "#001726",
        "h2_typography_typography": "custom",
        "h2_typography_font_family": "Rajdhani",
        "h2_typography_font_size": {
            "unit": "px",
            "size": 44,
            "sizes": []
        },
        "h2_typography_font_weight": "700",
        "h2_typography_line_height": {
            "unit": "em",
            "size": 1.100000000000000088817841970012523233890533447265625,
            "sizes": []
        },
        "h2_typography_word_spacing": {
            "unit": "em",
            "size": "",
            "sizes": []
        },
        "h3_color": "#001726",
        "h3_typography_typography": "custom",
        "h3_typography_font_family": "Rajdhani",
        "h3_typography_font_size": {
            "unit": "px",
            "size": 33,
            "sizes": []
        },
        "h3_typography_font_weight": "700",
        "h3_typography_line_height": {
            "unit": "em",
            "size": 1.1999999999999999555910790149937383830547332763671875,
            "sizes": []
        },
        "h3_typography_word_spacing": {
            "unit": "em",
            "size": "",
            "sizes": []
        },
        "h4_color": "#001726",
        "h4_typography_typography": "custom",
        "h4_typography_font_family": "Rajdhani",
        "h4_typography_font_size": {
            "unit": "px",
            "size": 28,
            "sizes": []
        },
        "h4_typography_font_weight": "700",
        "h4_typography_line_height": {
            "unit": "em",
            "size": 1.1999999999999999555910790149937383830547332763671875,
            "sizes": []
        },
        "h4_typography_word_spacing": {
            "unit": "em",
            "size": "",
            "sizes": []
        },
        "h5_color": "#001726",
        "h5_typography_typography": "custom",
        "h5_typography_font_family": "Rajdhani",
        "h5_typography_font_size": {
            "unit": "px",
            "size": 21,
            "sizes": []
        },
        "h5_typography_font_weight": "700",
        "h5_typography_line_height": {
            "unit": "em",
            "size": 1.1999999999999999555910790149937383830547332763671875,
            "sizes": []
        },
        "h5_typography_word_spacing": {
            "unit": "em",
            "size": "",
            "sizes": []
        },
        "h6_color": "#0099FF",
        "h6_typography_typography": "custom",
        "h6_typography_font_family": "Rajdhani",
        "h6_typography_font_size": {
            "unit": "px",
            "size": 18,
            "sizes": []
        },
        "h6_typography_font_weight": "600",
        "h6_typography_text_transform": "uppercase",
        "h6_typography_line_height": {
            "unit": "em",
            "size": 1.1999999999999999555910790149937383830547332763671875,
            "sizes": []
        },
        "h6_typography_letter_spacing": {
            "unit": "px",
            "size": 2,
            "sizes": []
        },
        "h6_typography_word_spacing": {
            "unit": "em",
            "size": "",
            "sizes": []
        },
        "button_text_color": "#001726",
        "button_background_color": "#00FF99",
        "button_hover_text_color": "#FFFFFF",
        "button_hover_background_color": "#9900FF",
        "form_label_color": "#001726",
        "form_field_text_color": "#727272",
        "form_field_focus_text_color": "#727272",
        "form_field_focus_background_color": "#FFFFFF",
        "h1_typography_font_size_tablet": {
            "unit": "px",
            "size": 42,
            "sizes": []
        },
        "h1_typography_font_size_mobile": {
            "unit": "px",
            "size": 33,
            "sizes": []
        },
        "h2_typography_font_size_tablet": {
            "unit": "px",
            "size": 34,
            "sizes": []
        },
        "h2_typography_font_size_mobile": {
            "unit": "px",
            "size": 28,
            "sizes": []
        },
        "h3_typography_font_size_tablet": {
            "unit": "px",
            "size": 27,
            "sizes": []
        },
        "h3_typography_font_size_mobile": {
            "unit": "px",
            "size": 22.5,
            "sizes": []
        },
        "h4_typography_font_size_tablet": {
            "unit": "px",
            "size": 22,
            "sizes": []
        },
        "h4_typography_font_size_mobile": {
            "unit": "px",
            "size": 19,
            "sizes": []
        },
        "h5_typography_font_size_tablet": {
            "unit": "px",
            "size": 18,
            "sizes": []
        },
        "h5_typography_font_size_mobile": {
            "unit": "px",
            "size": 16,
            "sizes": []
        },
        "h6_typography_font_size_tablet": {
            "unit": "px",
            "size": 13.5999999999999996447286321199499070644378662109375,
            "sizes": []
        },
        "h6_typography_font_size_mobile": {
            "unit": "px",
            "size": 12,
            "sizes": []
        },
        "body_typography_typography": "custom",
        "body_typography_font_family": "Roboto",
        "body_typography_font_size": {
            "unit": "px",
            "size": 16,
            "sizes": []
        },
        "body_typography_line_height": {
            "unit": "em",
            "size": 1.5,
            "sizes": []
        },
        "body_typography_word_spacing": {
            "unit": "em",
            "size": "",
            "sizes": []
        },
        "body_typography_font_size_tablet": {
            "unit": "px",
            "size": 15,
            "sizes": []
        },
        "body_typography_font_size_mobile": {
            "unit": "px",
            "size": 14,
            "sizes": []
        },
        "button_box_shadow_box_shadow": {
            "horizontal": 0,
            "vertical": 0,
            "blur": 10,
            "spread": 0,
            "color": "rgba(0, 0, 0, 0.5)"
        },
        "button_hover_box_shadow_box_shadow": {
            "horizontal": 0,
            "vertical": 5,
            "blur": 10,
            "spread": 0,
            "color": "rgba(0, 0, 0, 0.15)"
        },
        "body_background_color": "#F1F1F1",
        "form_label_typography_typography": "custom",
        "form_label_typography_font_family": "Rajdhani",
        "form_label_typography_font_size": {
            "unit": "px",
            "size": 19,
            "sizes": []
        },
        "form_label_typography_font_weight": "600",
        "form_label_typography_text_transform": "capitalize",
        "form_label_typography_line_height": {
            "unit": "em",
            "size": 1.5,
            "sizes": []
        },
        "form_field_typography_typography": "custom",
        "form_field_typography_font_family": "Roboto",
        "form_field_typography_font_size": {
            "unit": "px",
            "size": 16,
            "sizes": []
        },
        "form_field_typography_font_weight": "400",
        "form_field_typography_line_height": {
            "unit": "em",
            "size": 1.5,
            "sizes": []
        },
        "form_field_typography_word_spacing": {
            "unit": "em",
            "size": "",
            "sizes": []
        },
        "form_label_typography_font_size_tablet": {
            "unit": "px",
            "size": 17,
            "sizes": []
        },
        "form_label_typography_font_size_mobile": {
            "unit": "px",
            "size": 16,
            "sizes": []
        },
        "form_field_typography_font_size_tablet": {
            "unit": "px",
            "size": 15,
            "sizes": []
        },
        "form_field_typography_font_size_mobile": {
            "unit": "px",
            "size": 14,
            "sizes": []
        },
        "form_field_background_color": "#FFFFFF",
        "settings_page_transitions_preloader_animation_type": "opposing-nested-rings",
        "settings_page_transitions_preloader_size": {
            "unit": "px",
            "size": 50,
            "sizes": []
        },
        "h2_typography_letter_spacing": {
            "unit": "px",
            "size": -1,
            "sizes": []
        },
        "settings_page_transitions_preloader_size_tablet": {
            "unit": "px",
            "size": 10,
            "sizes": []
        },
        "settings_page_transitions_preloader_size_mobile": {
            "unit": "px",
            "size": 8,
            "sizes": []
        },
        "h3_typography_letter_spacing": {
            "unit": "px",
            "size": -1,
            "sizes": []
        },
        "settings_page_transitions_preloader_color": "#00FF99",
        "button_background_color_b": "#00CCFF",
        "button_hover_background_color_b": "#00CCFF",
        "settings_page_transitions_animation_duration": {
            "unit": "ms",
            "size": 800,
            "sizes": []
        },
        "settings_page_transitions_background_color": "#FFFFFF",
        "button_typography_typography": "custom",
        "button_typography_font_family": "Rajdhani",
        "button_typography_font_size": {
            "unit": "px",
            "size": 18,
            "sizes": []
        },
        "button_typography_font_weight": "500",
        "button_typography_text_transform": "capitalize",
        "button_typography_line_height": {
            "unit": "em",
            "size": 1,
            "sizes": []
        },
        "button_typography_font_size_tablet": {
            "unit": "px",
            "size": 14,
            "sizes": []
        },
        "button_typography_font_size_mobile": {
            "unit": "px",
            "size": 13,
            "sizes": []
        },
        "button_background_color_stop": {
            "unit": "%",
            "size": 40,
            "sizes": []
        },
        "button_background_gradient_angle": {
            "unit": "deg",
            "size": 165,
            "sizes": []
        },
        "button_background_gradient_position": "top left",
        "form_field_border_color": "#E6E6E6",
        "form_field_focus_border_color": "#E6E6E6",
        "h4_typography_letter_spacing": {
            "unit": "px",
            "size": -0.5,
            "sizes": []
        },
        "button_background_background": "gradient",
        "button_hover_background_background": "gradient",
        "button_hover_background_color_stop": {
            "unit": "%",
            "size": 40,
            "sizes": []
        },
        "button_hover_background_gradient_angle": {
            "unit": "deg",
            "size": 165,
            "sizes": []
        },
        "button_border_border": "none",
        "button_hover_border_border": "none"
    }
}